1,Ilise,Boyde,iboyde0@shareasale.com,Female,34,true,French Guiana,Kourou
2,Stephanus,Balazin,sbalazin1@wikia.com,Male,81,false,Azerbaijan,Birinci Asgili
3,Gusta,Thurlow,gthurlow2@nymag.com,Female,48,true,Sweden,Kungsbacka
4,Aeriela,Rickerd,arickerd3@upenn.edu,Female,33,false,Brazil,Itapicuru
5,Corey,Breissan,cbreissan4@kickstarter.com,Female,43,false,Hungary,Szolnok
6,Anabelle,Kezourec,akezourec5@sohu.com,Female,21,true,Philippines,Dologon
7,Evie,McKerley,emckerley6@apache.org,Female,46,false,Kyrgyzstan,Kaindy
8,Winifred,Broadbury,wbroadbury7@mayoclinic.com,Female,54,false,China,Qingshu
9,Symon,Proffitt,sproffitt8@de.vu,Male,41,false,Russia,Vybor
10,Oralee,Dani,odani9@princeton.edu,Female,57,false,Tanzania,Liuli
11,Isak,Housby,ihousbya@ovh.net,Male,62,false,China,Jiangkou
12,Vail,MacConnel,vmacconnelb@apple.com,Male,18,false,Sweden,Mjolby
13,Yalonda,MacAindreis,ymacaindreisc@umich.edu,Female,48,false,Russia,Usogorsk
14,Konstantin,Elliot,kelliotd@twitpic.com,Male,50,false,China,Lijiapu
15,Sly,Streetley,sstreetleye@github.com,Male,5,true,Italy,Torino
16,Francis,Addinall,faddinallf@nymag.com,Non-binary,77,true,United States,Springfield
17,Hedwig,Gallaccio,hgallacciog@about.me,Female,80,false,Ireland,Castlemartyr
18,Marlowe,Penswick,mpenswickh@yellowpages.com,Male,62,true,China,Jinhe
19,Moshe,Hazeldine,mhazeldinei@tuttocitta.it,Male,56,true,Brazil,Flores da Cunha
20,Ludovico,Rubenov,lrubenovj@networkadvertising.org,Male,90,false,China,Aral
21,Shirley,Beaze,sbeazek@sitemeter.com,Female,82,false,Indonesia,Talibura
22,Corney,Arnson,carnsonl@china.com.cn,Male,87,false,Philippines,Conner
23,Waylon,Gooddie,wgooddiem@washington.edu,Male,95,false,Philippines,Claveria
24,Stu,Grewcock,sgrewcockn@woothemes.com,Male,28,true,Argentina,Marcos Juárez
25,Ramon,Kember,rkembero@yahoo.co.jp,Male,35,true,Ukraine,Semenivka
26,Chrissy,Durtnall,cdurtnallp@toplist.cz,Male,59,true,Indonesia,Banjaranyar
27,Neysa,O'Heyne,noheyneq@indiegogo.com,Female,17,true,Serbia,Nova Varoš
28,Querida,Dogg,qdoggr@dion.ne.jp,Female,48,false,France,Paris 16
29,Der,Oattes,doattess@wsj.com,Male,61,false,Indonesia,Pasir
30,Emmalyn,Mathison,emathisont@wix.com,Genderfluid,78,true,China,Biyang
31,Blakelee,Chieze,bchiezeu@wordpress.org,Bigender,70,true,Indonesia,Mojoagung
32,Lesley,Gilardone,lgilardonev@360.cn,Female,26,false,Guatemala,San Pedro Carchá
33,Jilli,Shuard,jshuardw@virginia.edu,Female,18,true,Russia,Sol’-Iletsk
34,Magdaia,Cohen,mcohenx@si.edu,Genderqueer,53,true,Indonesia,Sai
35,Uriel,Brennon,ubrennony@toplist.cz,Male,90,true,China,Fengcun
36,Shaylynn,Zmitrovich,szmitrovichz@stanford.edu,Genderqueer,36,false,Colombia,Ríohacha
37,Barthel,McKimm,bmckimm10@nydailynews.com,Male,6,false,Indonesia,Cikuya
38,Jody,Race,jrace11@ucoz.com,Male,65,true,Ukraine,Zolotyy Potik
39,Sybyl,Gurnay,sgurnay12@livejournal.com,Female,87,true,Brazil,Alegrete
40,Reinhard,Cobain,rcobain13@howstuffworks.com,Male,85,true,Indonesia,Banjeru
41,Dorotea,Ashurst,dashurst14@auda.org.au,Agender,18,true,Indonesia,Jubung
42,Kort,Pudner,kpudner15@baidu.com,Male,10,true,United States,Gainesville
43,Farlay,Tamburi,ftamburi16@issuu.com,Male,63,false,Indonesia,Mekarsari
44,Sarge,Shobbrook,sshobbrook17@abc.net.au,Male,74,true,Canada,Rocky Mountain House
45,Sonnie,Gianulli,sgianulli18@about.com,Female,32,false,Pakistan,Sehwān
46,Freda,Fery,ffery19@earthlink.net,Female,44,true,Denmark,Frederiksberg
47,Kyla,Gedling,kgedling1a@chron.com,Female,63,false,China,Liujiage
48,Teresina,Padbery,tpadbery1b@goodreads.com,Agender,20,true,Greece,Pappádos
49,Aviva,Jako,ajako1c@naver.com,Female,84,true,Ukraine,Chyhyryn
50,Gussi,Londer,glonder1d@51.la,Female,43,true,Poland,Mnich
51,Lemar,Farmer,lfarmer1e@goo.gl,Male,32,true,Argentina,Candelaria
52,Clare,Kertess,ckertess1f@comcast.net,Male,94,true,Peru,Paucar
53,Christalle,Camis,ccamis1g@t.co,Female,61,false,Argentina,Brandsen
54,Claudia,Stebbings,cstebbings1h@boston.com,Female,66,true,China,Yanqi
55,Sydney,Bizley,sbizley1i@usda.gov,Female,51,true,Indonesia,Tegalsari
56,Yalonda,Brownlow,ybrownlow1j@blogs.com,Female,50,false,South Korea,Incheon
57,Renate,D'Ambrosio,rdambrosio1k@globo.com,Genderfluid,12,false,China,Chenda
58,Rebekkah,Cluelow,rcluelow1l@rakuten.co.jp,Polygender,6,false,Afghanistan,Ārt Khwājah
59,Genia,Skeggs,gskeggs1m@statcounter.com,Genderfluid,43,true,Poland,Włoszakowice
60,Connie,Seebert,cseebert1n@spotify.com,Female,12,true,Argentina,Ceibas
61,Antonin,Merrin,amerrin1o@odnoklassniki.ru,Male,29,false,Indonesia,Parung
62,Mylo,Laverock,mlaverock1p@princeton.edu,Male,12,true,Latvia,Vangaži
63,Omero,Palk,opalk1q@is.gd,Male,45,true,China,Xikou
64,Hubie,Szymczyk,hszymczyk1r@wix.com,Male,49,false,China,Liuzhi
65,Kipp,Skeat,kskeat1s@merriam-webster.com,Female,68,true,Indonesia,Op
66,Aubrie,Cossins,acossins1t@squidoo.com,Female,20,false,Greece,Vanáton
67,Gilburt,Clayfield,gclayfield1u@huffingtonpost.com,Male,41,false,Poland,Mrzeżyno
68,Ed,Levesley,elevesley1v@intel.com,Male,22,false,Sweden,Heby
69,Eal,Goodding,egoodding1w@census.gov,Male,74,true,Brazil,Salto
70,Nanete,Vieyra,nvieyra1x@xinhuanet.com,Polygender,74,true,China,Yuetang
71,Valentina,Dittson,vdittson1y@live.com,Female,18,true,United States,New York City
72,Alikee,Tidcomb,atidcomb1z@spotify.com,Female,51,false,Czech Republic,Kunčina
73,Karon,Insole,kinsole20@naver.com,Female,39,true,Afghanistan,Rū-ye Sang
74,Jo-anne,Maydway,jmaydway21@state.tx.us,Female,25,false,China,Pingxiang
75,Hannie,Notton,hnotton22@qq.com,Female,72,true,Philippines,Balite
76,Carey,Durno,cdurno23@usnews.com,Female,11,true,China,Andou
77,Natassia,Rubinsohn,nrubinsohn24@theglobeandmail.com,Female,89,false,United States,Evansville
78,Griffith,Mebs,gmebs25@clickbank.net,Male,33,true,Micronesia,Makur
79,Alex,Smylie,asmylie26@mozilla.com,Female,75,true,Indonesia,Kuaro
80,Perla,Strickler,pstrickler27@smugmug.com,Genderfluid,7,true,Malta,Kalkara
81,Asher,Kalinsky,akalinsky28@tiny.cc,Male,13,true,Greece,Agía Varvára
82,Ode,Storah,ostorah29@auda.org.au,Male,57,true,Russia,Semikarakorsk
83,Colly,Pickance,cpickance2a@usa.gov,Female,50,true,Nigeria,Kaduna
84,Ardath,Clayill,aclayill2b@dmoz.org,Non-binary,54,false,Mongolia,Tosontsengel
85,Jaine,Lancaster,jlancaster2c@geocities.jp,Female,39,true,Portugal,Gondomar
86,Reagan,Dober,rdober2d@lycos.com,Male,20,true,China,Ganhe
87,Lefty,Staley,lstaley2e@t-online.de,Male,14,false,Pakistan,Jand
88,Salvador,Liccardo,sliccardo2f@cocolog-nifty.com,Male,34,false,United States,Murfreesboro
89,Dinah,McGinty,dmcginty2g@a8.net,Bigender,72,false,Canada,New-Richmond
90,Ferdinanda,Karchewski,fkarchewski2h@auda.org.au,Female,16,true,Brazil,Ribeirão das Neves
91,Bobby,Beards,bbeards2i@blogtalkradio.com,Female,24,true,Peru,Palca
92,Anita,Popworth,apopworth2j@cnbc.com,Female,53,false,Moldova,Orhei
93,Elsinore,Spawforth,espawforth2k@paginegialle.it,Female,74,false,Indonesia,Bitung
94,Nicola,Weinmann,nweinmann2l@imageshack.us,Bigender,93,false,Portugal,Escola
95,Care,Pirrie,cpirrie2m@flickr.com,Male,51,true,Russia,Cherskiy
96,Morey,Edgerly,medgerly2n@sina.com.cn,Male,91,true,Philippines,Josefina
97,Maury,Keech,mkeech2o@sitemeter.com,Male,53,false,China,Shunyi
98,Jenny,Dyball,jdyball2p@desdev.cn,Female,70,true,Philippines,Buray
99,Lorilee,Ruckman,lruckman2q@wikia.com,Female,78,false,Sweden,Västerås
100,Lyn,Noen,lnoen2r@ft.com,Female,81,false,Haiti,Dondon
101,Judah,Coronas,jcoronas2s@mysql.com,Genderqueer,92,false,Peru,Niepos
102,Thurstan,Ellson,tellson2t@digg.com,Non-binary,33,true,Latvia,Ragana
103,Noak,Peacop,npeacop2u@wunderground.com,Male,67,false,Russia,Zapolyarnyy
104,Mal,Meddemmen,mmeddemmen2v@behance.net,Male,32,false,Poland,Czarna Dąbrówka
105,Wilt,Geach,wgeach2w@zdnet.com,Male,24,true,Russia,Malakhovka
106,Jocko,Pickthall,jpickthall2x@parallels.com,Male,64,true,Vanuatu,Isangel
107,Salim,Haddeston,shaddeston2y@dailymail.co.uk,Male,68,false,Venezuela,Valle de Guanape
108,Nobe,Lantuff,nlantuff2z@google.com.hk,Male,50,true,Indonesia,Hegarsari
109,Patsy,Pitblado,ppitblado30@wisc.edu,Female,74,false,Sri Lanka,Wattala
110,Andree,Reis,areis31@domainmarket.com,Female,55,true,Poland,Annopol
111,Barbe,Hendrikse,bhendrikse32@ebay.co.uk,Female,95,true,Sweden,Edsbyn
112,Erwin,Besnardeau,ebesnardeau33@wsj.com,Male,14,false,Finland,Janakkala
113,Elissa,Ollivier,eollivier34@shutterfly.com,Female,90,true,Sweden,Karlshamn
114,Shandee,Ibberson,sibberson35@gnu.org,Female,17,true,Vietnam,Sơn Tây
115,Merle,Stodhart,mstodhart36@intel.com,Female,69,true,China,Linshanhe
116,Nadeen,Ballinghall,nballinghall37@ox.ac.uk,Female,15,true,Peru,Huacho
117,Frank,Tondeur,ftondeur38@mashable.com,Female,66,true,Ukraine,Reshetylivka
118,Clea,Streater,cstreater39@google.es,Female,46,false,China,Meilin
119,Norina,Dummer,ndummer3a@mediafire.com,Female,59,false,Uganda,Nakasongola
120,Ramon,Gaunson,rgaunson3b@mapy.cz,Male,64,true,Russia,Kolyvan’
121,Antonella,Trowbridge,atrowbridge3c@google.com.hk,Female,26,false,China,Suizhong
122,Roxane,Kegan,rkegan3d@marketwatch.com,Female,86,true,China,Lingxi
123,Nickolas,Kalf,nkalf3e@mlb.com,Male,52,true,Argentina,Mariano Moreno
124,Robb,Giorgietto,rgiorgietto3f@linkedin.com,Male,61,false,Azerbaijan,Hacıhüseynli
125,Charla,Viall,cviall3g@weebly.com,Female,25,false,Armenia,Arevashogh
126,Rice,McKinn,rmckinn3h@bing.com,Male,44,true,Indonesia,Pangawaren
127,Desi,Twigger,dtwigger3i@shutterfly.com,Male,51,true,Nicaragua,Moyogalpa
128,Garald,Colbeck,gcolbeck3j@oracle.com,Male,52,true,Poland,Bielice
129,Myrtia,Biaggioli,mbiaggioli3k@odnoklassniki.ru,Female,93,true,Philippines,Quezon
130,Rosalinda,Huckerby,rhuckerby3l@booking.com,Female,16,true,Sweden,Nyköping
131,Freddi,Sheara,fsheara3m@imgur.com,Female,32,true,Thailand,Kamalasai
132,Carver,Geistbeck,cgeistbeck3n@plala.or.jp,Male,50,true,Indonesia,Selajambe Satu
133,Gannie,Burbage,gburbage3o@ucoz.ru,Male,25,true,Philippines,Santa Catalina
134,Bourke,Maben,bmaben3p@studiopress.com,Male,6,true,Afghanistan,Uruzgān
135,Kleon,Davage,kdavage3q@intel.com,Male,23,false,Philippines,Santo Niño
136,Celka,Rentalll,crentalll3r@cyberchimps.com,Genderfluid,86,true,Egypt,Kafr ad Dawwār
137,Clem,Mainland,cmainland3s@oakley.com,Female,47,true,Guatemala,Santa Cruz Muluá
138,Dav,Van Arsdalen,dvanarsdalen3t@purevolume.com,Male,82,false,South Africa,Camperdown
139,Herbie,Dowden,hdowden3u@harvard.edu,Polygender,93,false,Russia,Barnaul
140,Miguela,Batters,mbatters3v@va.gov,Bigender,91,false,Brazil,Bebedouro
141,Isacco,Silverthorn,isilverthorn3w@chicagotribune.com,Male,6,true,Argentina,Clodomira
142,Cora,Ladyman,cladyman3x@gnu.org,Female,17,true,Czech Republic,Solnice
143,Norene,Milborn,nmilborn3y@sourceforge.net,Female,13,false,Bolivia,Pocpo
144,Freddie,Crimp,fcrimp3z@marriott.com,Female,69,false,China,Xianghe
145,Chrissy,Lambell,clambell40@wikimedia.org,Male,79,true,Sweden,Vännäs
146,Aloin,Possel,apossel41@amazonaws.com,Male,28,true,Indonesia,Karangbenda
147,Cleveland,Jardin,cjardin42@narod.ru,Male,70,true,Poland,Dębica
148,Gregorius,Jakel,gjakel43@va.gov,Male,26,false,Lebanon,Joubb Jannîne
149,Calley,Joysey,cjoysey44@seesaa.net,Female,52,false,China,Xitieshan
150,Adrien,Yurkiewicz,ayurkiewicz45@arstechnica.com,Male,60,true,Netherlands,Tilburg
151,Angy,Kardos,akardos46@craigslist.org,Female,9,false,Indonesia,Manggu
152,Linzy,Skamell,lskamell47@theatlantic.com,Female,75,false,China,Dahe
153,Hayyim,Mickan,hmickan48@accuweather.com,Male,52,false,Indonesia,Mandala
154,Del,Yardley,dyardley49@desdev.cn,Female,55,false,United States,New York City
155,Rachele,Speirs,rspeirs4a@tuttocitta.it,Female,53,false,China,Lantian
156,Leigh,Bransden,lbransden4b@csmonitor.com,Female,28,false,Azerbaijan,Mardakyany
157,Stefan,Gravestone,sgravestone4c@goodreads.com,Male,52,false,Honduras,Ojos de Agua
158,Bili,Darnbrook,bdarnbrook4d@networksolutions.com,Polygender,78,false,China,Ganyi
159,Gerri,Machans,gmachans4e@hugedomains.com,Female,18,true,Pakistan,Jalālpur Pīrwāla
160,Reggie,Belasco,rbelasco4f@themeforest.net,Female,60,true,China,Niyang
161,Matthias,Goldster,mgoldster4g@linkedin.com,Male,81,false,Gambia,Sankwia
162,Georgina,Teeney,gteeney4h@statcounter.com,Female,50,true,Yemen,Al Ḩumaydāt
163,Kellia,MacColl,kmaccoll4i@baidu.com,Female,59,true,Indonesia,Lasi Dua
164,Floris,Halbeard,fhalbeard4j@washingtonpost.com,Genderfluid,23,false,China,Xujiaqiao
165,Cecilius,Bortolini,cbortolini4k@github.com,Male,70,false,Indonesia,Salamrejo
166,Gwyn,Oakwell,goakwell4l@rakuten.co.jp,Female,63,false,Indonesia,Lojigawaran
167,Alice,Allicock,aallicock4m@163.com,Female,58,true,Ecuador,La Maná
168,Colet,Sleeman,csleeman4n@ucla.edu,Agender,35,false,Thailand,Phrae
169,Hyatt,Klebes,hklebes4o@europa.eu,Male,17,false,Finland,Kouvola
170,Sheff,Peppin,speppin4p@free.fr,Male,41,true,Indonesia,Purworejo
171,Cornall,Jerrome,cjerrome4q@linkedin.com,Male,66,true,Indonesia,Bilo
172,Jazmin,Carvilla,jcarvilla4r@opensource.org,Female,77,true,Russia,Temizhbekskaya
173,Carolann,Durtnal,cdurtnal4s@comcast.net,Female,79,true,China,Shuikou
174,Kathye,Haighton,khaighton4t@wp.com,Female,6,true,China,Yezhou
175,Herrick,Valek,hvalek4u@multiply.com,Male,35,false,China,Shizong
176,Kathryne,O'Criane,kocriane4v@nasa.gov,Female,37,true,Russia,Khorlovo
177,Sydney,Hearley,shearley4w@gravatar.com,Genderqueer,17,true,Greece,Kónitsa
178,Xavier,Muglestone,xmuglestone4x@xrea.com,Male,86,true,Indonesia,Kertasari
179,Rayna,O'Mannion,romannion4y@unc.edu,Female,93,false,Philippines,Gatbo
180,Eula,Southworth,esouthworth4z@networkadvertising.org,Female,8,true,Argentina,Carhué
181,Jolene,Rattenberie,jrattenberie50@yale.edu,Female,72,true,China,Xilanqi
182,Babs,Yellowlees,byellowlees51@nba.com,Female,91,false,China,Xinning
183,Ulrike,McInnerny,umcinnerny52@comsenz.com,Female,32,false,Brazil,Concórdia
184,Lenee,Patrie,lpatrie53@ibm.com,Female,29,false,Kenya,Muhoroni
185,Eadmund,Matyushonok,ematyushonok54@prlog.org,Male,19,true,Vietnam,Nam Sách
186,Dani,Kondratyuk,dkondratyuk55@hhs.gov,Female,24,true,Bangladesh,Pīrgaaj
187,Caressa,Ritmeier,critmeier56@delicious.com,Female,23,true,Czech Republic,Stod
188,Lanny,Kilty,lkilty57@gov.uk,Male,82,true,Belarus,Ros’
189,Sidonia,Sollitt,ssollitt58@godaddy.com,Female,34,false,Colombia,Guayabetal
190,Leighton,Longstreeth,llongstreeth59@ted.com,Male,59,false,Czech Republic,Rychvald
191,Lionello,Steels,lsteels5a@blog.com,Male,54,true,Pakistan,Bhalwāl
192,Karoly,Gothup,kgothup5b@homestead.com,Male,38,true,China,Beibao
193,Xena,Valdes,xvaldes5c@utexas.edu,Genderqueer,19,false,China,Nancaicun
194,Darb,Tann,dtann5d@simplemachines.org,Female,59,false,China,Zhaozhen
195,Ailyn,Bleacher,ableacher5e@elegantthemes.com,Female,16,false,Ukraine,Blyznyuky
196,Annamarie,McCreary,amccreary5f@marriott.com,Female,11,false,Brazil,Paulo Afonso
197,Alanson,Favell,afavell5g@sun.com,Male,29,true,China,Chagou
198,Gunar,Fante,gfante5h@printfriendly.com,Male,33,false,China,Longchiqiao
199,Jobey,McAdam,jmcadam5i@jalbum.net,Genderqueer,13,false,Indonesia,Dukuhsawah
200,Blondelle,Durman,bdurman5j@over-blog.com,Female,52,false,Ukraine,Horodyshche
201,Sidney,Marns,smarns5k@tripod.com,Male,66,false,Japan,Kameoka
202,Timothea,Underwood,tunderwood5l@newsvine.com,Female,5,false,Canada,Bromont
203,Mohandas,Assender,massender5m@latimes.com,Male,57,true,China,Jiangluo
204,Miguel,Willingam,mwillingam5n@comcast.net,Male,67,true,Poland,Rymanów
205,Duff,Baildon,dbaildon5o@bloglines.com,Male,33,false,Nigeria,Oke Ila
206,Vernice,Ellsom,vellsom5p@alexa.com,Female,49,false,Yemen,Al Maşlūb
207,Violette,Daintree,vdaintree5q@pagesperso-orange.fr,Female,40,true,China,Jielong
208,Verna,Quaintance,vquaintance5r@webnode.com,Female,44,false,Indonesia,Wahai
209,Noll,Cyson,ncyson5s@e-recht24.de,Male,84,true,Poland,Brochów
210,Osbert,Hallen,ohallen5t@house.gov,Male,60,false,China,Guantun
211,Gertie,Capron,gcapron5u@hostgator.com,Female,79,true,Uganda,Mityana
212,Tate,Perks,tperks5v@mtv.com,Polygender,30,false,France,Rungis
213,Cooper,Robjents,crobjents5w@bbc.co.uk,Male,5,false,Philippines,Sabang
214,My,Bolver,mbolver5x@e-recht24.de,Male,53,false,Canada,Cookshire-Eaton
215,Pauline,Foley,pfoley5y@google.co.uk,Female,32,false,Iran,Shaft
216,Cchaddie,Morriss,cmorriss5z@usa.gov,Male,8,false,Russia,Otradnoye
217,Corrianne,Fleckno,cfleckno60@constantcontact.com,Female,75,false,Indonesia,Koba
218,Edouard,McAw,emcaw61@businesswire.com,Male,32,true,Bhutan,Sarpang
219,Thorstein,Edgler,tedgler62@wikia.com,Male,75,false,Indonesia,Kaduketug
220,Bond,Rossiter,brossiter63@netvibes.com,Male,24,true,Ireland,Virginia
221,Hailey,Heatlie,hheatlie64@scribd.com,Male,31,true,Mayotte,Dembeni
222,Arley,Combes,acombes65@sciencedaily.com,Male,92,false,Indonesia,Dahu
223,Rex,Godthaab,rgodthaab66@va.gov,Genderqueer,69,false,Philippines,Sinisian
224,Becki,Black,bblack67@blogspot.com,Polygender,73,false,Portugal,Lajeosa
225,Duane,Eccott,deccott68@wikia.com,Male,41,true,France,Bourg-en-Bresse
226,Bill,Dussy,bdussy69@hexun.com,Male,13,true,United States,Baltimore
227,Virgil,Mc Dermid,vmcdermid6a@omniture.com,Male,85,true,China,Weizheng
228,Gayelord,Nield,gnield6b@statcounter.com,Male,73,false,Brazil,Pontal
229,Aubert,Kett,akett6c@ibm.com,Male,48,false,Argentina,Santa Elena
230,Peter,Fausset,pfausset6d@gnu.org,Male,69,true,Portugal,Terra Chã
231,Ashil,Fauguel,afauguel6e@xinhuanet.com,Female,82,false,China,Dongjiahe
232,Horace,Leghorn,hleghorn6f@addtoany.com,Male,52,true,Indonesia,Passo
233,Rubin,Kolinsky,rkolinsky6g@ucla.edu,Male,15,true,Indonesia,Bugis
234,Matthiew,Masselin,mmasselin6h@skyrock.com,Male,46,false,Russia,Tëplaya Gora
235,Gizela,Moy,gmoy6i@imageshack.us,Female,9,true,China,Dahe
236,Kendre,Beauvais,kbeauvais6j@redcross.org,Female,28,false,China,Datuan
237,Hulda,Grimmolby,hgrimmolby6k@nhs.uk,Female,74,false,Nigeria,Damaturu
238,Gunilla,Hollyland,ghollyland6l@thetimes.co.uk,Female,23,false,Cambodia,Phumĭ Véal Srê
239,Willow,Dunklee,wdunklee6m@msu.edu,Female,6,true,Philippines,Unidos
240,Donia,Fynan,dfynan6n@independent.co.uk,Female,66,false,South Africa,Kraaifontein
241,Monika,Millett,mmillett6o@spiegel.de,Female,83,false,Indonesia,Kebonsari Kidul
242,Morly,Bisp,mbisp6p@buzzfeed.com,Male,51,true,Canada,Victoriaville
243,Twila,Hedylstone,thedylstone6q@fema.gov,Polygender,13,true,Brazil,Niquelândia
244,Gustave,Dielhenn,gdielhenn6r@latimes.com,Male,85,true,Russia,Povarovo
245,Nigel,Fullman,nfullman6s@weather.com,Male,74,false,China,Hongkeli
246,Kimberly,Dring,kdring6t@vkontakte.ru,Female,52,false,Laos,Thakhèk
247,Gweneth,Dalby,gdalby6u@gizmodo.com,Female,37,true,Macedonia,Delcevo
248,Almeta,Cleghorn,acleghorn6v@europa.eu,Female,80,false,French Southern Territories,Port-aux-Français
249,Barr,Fernant,bfernant6w@domainmarket.com,Male,28,true,Colombia,Isnos
250,Cindi,Tapsell,ctapsell6x@netscape.com,Non-binary,50,true,Philippines,Niugan
251,Emelia,Studman,estudman6y@patch.com,Female,48,false,United States,Salt Lake City
252,Stanley,Ells,sells6z@nydailynews.com,Male,40,false,Czech Republic,Zliv
253,Willow,Cawood,wcawood70@accuweather.com,Genderfluid,30,false,Russia,Ust’-Koksa
254,Francisco,Croll,fcroll71@feedburner.com,Male,57,false,Ireland,Annacotty
255,Sanders,Swaton,sswaton72@businessweek.com,Male,12,true,China,Jukui
256,Hieronymus,Vasiltsov,hvasiltsov73@intel.com,Bigender,89,false,Albania,Sarandë
257,Aldric,Parkyn,aparkyn74@merriam-webster.com,Male,48,false,Japan,Miharu
258,Adair,Attwoul,aattwoul75@elpais.com,Agender,75,true,Japan,Shirahamachō-usazakiminami
259,Hedvige,Devennie,hdevennie76@ft.com,Female,10,true,Poland,Mysiadło
260,Wally,Troup,wtroup77@histats.com,Male,6,true,Philippines,Suyo
261,Deina,Barden,dbarden78@ebay.com,Agender,12,true,Russia,Obolensk
262,Ginger,Matveyev,gmatveyev79@shop-pro.jp,Female,8,false,Russia,Inderka
263,Sharia,Gier,sgier7a@ow.ly,Female,47,false,Sweden,Ystad
264,Dorree,Craney,dcraney7b@myspace.com,Female,76,true,Liberia,Robertsport
265,Nickola,Flaunders,nflaunders7c@dell.com,Male,28,false,China,Baibu
266,Forester,Whaplington,fwhaplington7d@com.com,Male,53,true,Indonesia,Jalinan
267,Nisse,Woodyatt,nwoodyatt7e@earthlink.net,Female,65,false,Russia,Murmansk
268,Addison,McIntee,amcintee7f@com.com,Male,56,false,Panama,Vista Hermosa
269,Bartholomeus,Bock,bbock7g@bigcartel.com,Male,58,true,Sweden,Stockholm
270,Fonzie,Grainger,fgrainger7h@mail.ru,Polygender,49,true,China,Sancha
271,Keelia,Akehurst,kakehurst7i@cpanel.net,Female,28,true,China,Tanxi
272,Dee dee,Creese,dcreese7j@npr.org,Female,73,true,China,Xianyan
273,Jacquetta,Robjohns,jrobjohns7k@uiuc.edu,Female,14,true,China,Dongfeng
274,Chet,Finan,cfinan7l@scientificamerican.com,Non-binary,70,true,Indonesia,Krebetkrajan
275,Caitlin,Roscow,croscow7m@apple.com,Female,58,false,Palestinian Territory,Khursā
276,Renie,Yeabsley,ryeabsley7n@plala.or.jp,Female,28,false,China,Sandaogou
277,Kaiser,Scherer,kscherer7o@slideshare.net,Male,90,false,France,Laon
278,Yasmeen,Burgise,yburgise7p@guardian.co.uk,Female,87,false,China,Sanhe
279,Kylie,Porker,kporker7q@redcross.org,Male,82,false,China,Naji
280,Greg,Corston,gcorston7r@indiegogo.com,Male,81,true,China,Hadayang
281,Abeu,Dreng,adreng7s@oaic.gov.au,Male,86,false,Indonesia,Lonpao Dajah
282,Rhetta,Huthart,rhuthart7t@ovh.net,Female,35,false,Mexico,Obrera
283,Chaim,Griswood,cgriswood7u@wikimedia.org,Male,57,false,China,Cuntan
284,Kahaleel,De Mars,kdemars7v@bbc.co.uk,Male,85,true,Cuba,Jobabo
285,Galven,Feavearyear,gfeavearyear7w@joomla.org,Male,53,true,Indonesia,Kundung
286,Kore,Trewman,ktrewman7x@wired.com,Female,81,true,Indonesia,Saseel
287,Ilyse,Eefting,ieefting7y@nature.com,Female,76,false,Colombia,Espinal
288,Flint,Garner,fgarner7z@columbia.edu,Male,65,false,China,Baisha
289,Yuri,Faux,yfaux80@stumbleupon.com,Male,45,true,Croatia,Hrvatska Kostajnica
290,Alfy,Magill,amagill81@homestead.com,Male,6,false,Greece,Polýkastro
291,Laurence,Dewis,ldewis82@yellowpages.com,Male,67,false,Azerbaijan,Zabrat
292,Desdemona,Staton,dstaton83@accuweather.com,Genderqueer,88,true,China,Hengxi
293,Michel,Marrow,mmarrow84@zimbio.com,Male,73,true,Nicaragua,Wiwilí
294,Jessamine,Koba,jkoba85@bloglovin.com,Female,47,false,Philippines,Puerto Galera
295,Lorrayne,Peidro,lpeidro86@businesswire.com,Female,37,true,China,Dingjia
296,Cahra,Mayell,cmayell87@clickbank.net,Female,78,true,Sweden,Tullinge
297,Alfons,Baddam,abaddam88@naver.com,Genderfluid,9,true,China,Yuanjiazhuang
298,Eveleen,Gravenall,egravenall89@jiathis.com,Female,51,true,Sweden,Åtvidaberg
299,Merilyn,Griggs,mgriggs8a@miitbeian.gov.cn,Female,68,true,Greece,Kalamáta
300,Hortense,Salters,hsalters8b@twitpic.com,Female,49,false,Serbia,Aranđelovac
301,Theresita,Dodridge,tdodridge8c@privacy.gov.au,Bigender,82,false,Portugal,Ladário
302,Randee,Firpi,rfirpi8d@examiner.com,Female,57,false,Poland,Biecz
303,Gaylord,Meineking,gmeineking8e@studiopress.com,Male,81,false,Ukraine,Tayirove
304,Nevins,Uzzell,nuzzell8f@delicious.com,Male,41,true,Albania,Frashër
305,Debee,Croughan,dcroughan8g@arstechnica.com,Female,53,false,China,Jiancheng
306,Wenonah,Dicey,wdicey8h@yolasite.com,Female,64,true,Serbia,Turija
307,Judah,Whelan,jwhelan8i@ucoz.ru,Male,18,true,Chad,Massenya
308,Duffy,Strodder,dstrodder8j@wiley.com,Male,33,false,Indonesia,Banjar Susut Kaja
309,Cyndi,Pinxton,cpinxton8k@networksolutions.com,Female,33,true,South Africa,Balfour
310,Jess,De Brett,jdebrett8l@yellowpages.com,Male,92,true,Argentina,Lapachito
311,Langston,Verdey,lverdey8m@google.it,Male,65,true,South Korea,Yesan
312,Rutledge,Nannini,rnannini8n@upenn.edu,Male,33,true,Finland,Forssa
313,Laurence,Macallam,lmacallam8o@dyndns.org,Male,82,false,China,Xiadong
314,Jerad,Bewly,jbewly8p@symantec.com,Male,40,true,Dominican Republic,San Fernando de Monte Cristi
315,Starlin,Alldis,salldis8q@cafepress.com,Female,54,false,Morocco,Tabouda
316,Charlene,McNutt,cmcnutt8r@vistaprint.com,Female,64,true,Ukraine,Chervonohryhorivka
317,Osmond,Formigli,oformigli8s@woothemes.com,Male,31,true,Botswana,Serowe
318,Myrtia,Theobold,mtheobold8t@yellowpages.com,Female,52,true,Russia,Svecha
319,Judie,Blackshaw,jblackshaw8u@wisc.edu,Female,35,true,Indonesia,Tanahedang
320,Baillie,Timcke,btimcke8v@ezinearticles.com,Male,31,false,Philippines,Mauhao
321,Kristine,Ronisch,kronisch8w@sitemeter.com,Female,35,false,United States,Omaha
322,Lydie,Webster,lwebster8x@nps.gov,Female,91,true,Uzbekistan,Namangan
323,Christina,Peppard,cpeppard8y@wikimedia.org,Female,77,true,China,Siqiao
324,Hayward,Capron,hcapron8z@springer.com,Male,7,false,New Zealand,Turangi
325,See,Arangy,sarangy90@w3.org,Male,48,true,France,Saint-Malo
326,Wash,Brabbins,wbrabbins91@redcross.org,Male,32,true,China,Tuba
327,Mirabel,Craigheid,mcraigheid92@discovery.com,Female,15,false,Croatia,Bistrinci
328,Berty,Oppy,boppy93@istockphoto.com,Male,50,true,Indonesia,Palampal
329,Jarid,Dilrew,jdilrew94@thetimes.co.uk,Male,16,true,China,Pingyang
330,Lay,Megahey,lmegahey95@rambler.ru,Male,91,false,Argentina,Paso de Indios
331,Sid,Motion,smotion96@youtube.com,Male,37,false,Cuba,Banes
332,Hanna,Filyaev,hfilyaev97@wikipedia.org,Female,55,false,Poland,Brzączowice
333,Alysia,Conyard,aconyard98@apache.org,Female,55,true,Russia,Motygino
334,Letti,Gwyneth,lgwyneth99@issuu.com,Female,57,false,Cameroon,Maroua
335,Lydon,Skerratt,lskerratt9a@nytimes.com,Agender,68,false,China,Baoxia
336,Mikey,Windous,mwindous9b@census.gov,Male,57,false,Russia,Perovo
337,Nick,Wyley,nwyley9c@mail.ru,Male,53,true,Ghana,Kete Krachi
338,Juanita,Foucher,jfoucher9d@ted.com,Female,11,true,Argentina,Quitilipi
339,Flin,Guilaem,fguilaem9e@cpanel.net,Male,78,true,Brazil,Atibaia
340,Ingelbert,Vittel,ivittel9f@mlb.com,Male,71,true,Russia,Vagonoremont
341,Odo,Patsall,opatsall9g@flavors.me,Male,32,true,Mozambique,Tete
342,Jedediah,Alenov,jalenov9h@shop-pro.jp,Male,93,false,France,Avignon
343,Rollie,Gammet,rgammet9i@ox.ac.uk,Male,88,true,Portugal,Agodim
344,Talbot,Beechcraft,tbeechcraft9j@answers.com,Male,80,false,Japan,Fukuyama
345,Rachelle,Nanson,rnanson9k@squarespace.com,Female,54,false,Russia,Tirlyanskiy
346,Kayla,Iannuzzelli,kiannuzzelli9l@wiley.com,Female,55,false,Bahamas,Governor’s Harbour
347,Deana,O'Coskerry,docoskerry9m@eepurl.com,Female,5,false,Gambia,Pateh Sam
348,Shirley,Ionn,sionn9n@odnoklassniki.ru,Female,6,false,Bangladesh,Bhola
349,Ian,Pybus,ipybus9o@arizona.edu,Male,36,false,Indonesia,Keboncau
350,Mada,Jailler,mjailler9p@smh.com.au,Female,69,true,Peru,Carhuamayo
351,Melissa,Danat,mdanat9q@ameblo.jp,Non-binary,20,false,Armenia,Archis
352,Terry,Carrier,tcarrier9r@fotki.com,Female,68,false,Brazil,Astorga
353,Reider,Santore,rsantore9s@technorati.com,Male,61,false,Syria,Ma‘arrat an Nu‘mān
354,Pierette,Cuzen,pcuzen9t@amazon.co.jp,Female,10,true,China,Yingcui
355,Belle,Aldrich,baldrich9u@ovh.net,Female,32,false,Portugal,Taveiro
356,Brendon,Giacomello,bgiacomello9v@arizona.edu,Male,9,false,China,Niujiang
357,Maure,Biasio,mbiasio9w@weibo.com,Female,94,true,Honduras,Guanaja
358,Manya,Ralton,mralton9x@seattletimes.com,Female,60,true,Indonesia,Kutampi
359,Garreth,Dallicott,gdallicott9y@dailymail.co.uk,Male,82,true,Japan,Kamo
360,Godfry,Turvey,gturvey9z@cloudflare.com,Male,67,true,Thailand,Si Racha
361,Malchy,Tapping,mtappinga0@yolasite.com,Non-binary,95,false,China,Banxi
362,Lyn,O'Farris,lofarrisa1@simplemachines.org,Male,72,false,Russia,Nyazepetrovsk
363,Ealasaid,Ragot,eragota2@blogspot.com,Female,50,false,Indonesia,Banjar Kertasari
364,Ruperta,Hartgill,rhartgilla3@drupal.org,Female,83,false,Colombia,Palmar de Varela
365,Shoshanna,Bilyard,sbilyarda4@mtv.com,Female,95,true,Poland,Górzno
366,Dalston,Zoppo,dzoppoa5@cbslocal.com,Male,54,false,Sweden,Övertorneå
367,Mendel,Blenkhorn,mblenkhorna6@arstechnica.com,Male,11,true,Guatemala,Esquipulas
368,Jere,Marzele,jmarzelea7@about.com,Male,57,false,Indonesia,Oesain
369,Hilarius,Stitcher,hstitchera8@buzzfeed.com,Male,66,true,Indonesia,Tanjung
370,Phebe,Belden,pbeldena9@icq.com,Female,38,true,Colombia,Purísima
371,Luciana,Mottram,lmottramaa@ucoz.ru,Female,10,true,Brazil,Ijuí
372,Jaquenette,Delacroux,jdelacrouxab@businesswire.com,Female,7,false,Brazil,Jaru
373,Helsa,Ginnally,hginnallyac@redcross.org,Female,68,false,France,Reims
374,Gavin,Reddin,greddinad@networksolutions.com,Male,75,false,United Kingdom,Belfast
375,Craggie,Canon,ccanonae@ucsd.edu,Male,12,true,Nigeria,Kujama
376,Josephine,Chippendale,jchippendaleaf@phpbb.com,Non-binary,28,false,Cuba,Matanzas
377,Sandy,Falls,sfallsag@hibu.com,Male,93,true,United States,Cleveland
378,Del,Snoddin,dsnoddinah@topsy.com,Polygender,39,true,Ireland,Ballyjamesduff
379,Mireille,Pashan,mpashanai@ameblo.jp,Female,35,true,China,Haiyang
380,Audie,Gunnell,agunnellaj@mlb.com,Bigender,20,true,China,Shuanggang
381,Danika,McGray,dmcgrayak@hexun.com,Female,75,true,China,Dongxing
382,Ernesta,Corthes,ecorthesal@oakley.com,Female,83,false,Nepal,Sirāhā
383,Harp,Nazaret,hnazaretam@ox.ac.uk,Male,81,true,United Kingdom,West End
384,Gran,Starmer,gstarmeran@so-net.ne.jp,Male,71,false,Poland,Zielona Góra
385,Filberto,Pummell,fpummellao@mysql.com,Male,17,true,Poland,Bukowiec
386,Renate,Inott,rinottap@ezinearticles.com,Female,64,false,China,Xihe
387,Marten,Ybarra,mybarraaq@dell.com,Male,29,true,Nauru,Anabar
388,Nappy,Sowley,nsowleyar@ibm.com,Male,17,false,China,Zhongzuiling
389,Giselbert,Brimilcombe,gbrimilcombeas@abc.net.au,Male,16,false,Thailand,Phayao
390,Perrine,Bruna,pbrunaat@edublogs.org,Bigender,57,false,Norway,Kristiansand S
391,Van,Cheavin,vcheavinau@webeden.co.uk,Female,41,false,Sweden,Nacka
392,Shauna,Ashford,sashfordav@simplemachines.org,Polygender,63,true,China,Jijia
393,Charlena,Clover,ccloveraw@tuttocitta.it,Female,13,true,Philippines,Rimus
394,Fayina,Brantl,fbrantlax@alexa.com,Female,57,true,Mali,Ménaka
395,Lacee,Pedlingham,lpedlinghamay@telegraph.co.uk,Female,90,true,Colombia,Ipiales
396,Dale,Iban,dibanaz@go.com,Male,58,true,Morocco,Fifi
397,Sapphire,Edmonds,sedmondsb0@csmonitor.com,Female,50,false,Indonesia,Roa
398,Violetta,Southey,vsoutheyb1@sfgate.com,Female,20,true,China,Dajin
399,Alexandrina,Giraudou,agiraudoub2@usatoday.com,Female,62,false,China,Huxiaoqiao
400,Pammi,Cobelli,pcobellib3@parallels.com,Genderqueer,13,true,Croatia,Žrnovnica
401,Holmes,Kynder,hkynderb4@reference.com,Male,54,true,China,Dadong
402,Alvy,Clandillon,aclandillonb5@bbb.org,Agender,41,true,Bangladesh,Kālīganj
403,Harlene,Ewbanke,hewbankeb6@unicef.org,Polygender,22,false,Philippines,Las Piñas
404,Heindrick,Luxon,hluxonb7@google.com.au,Male,77,true,China,Tanniu
405,Cilka,Morford,cmorfordb8@epa.gov,Female,26,true,Philippines,Talipan
406,Susie,Sanchez,ssanchezb9@imgur.com,Female,87,false,China,Duowa
407,Stacy,Nordass,snordassba@umn.edu,Male,59,false,Brazil,Mangaratiba
408,Lucian,Heephy,lheephybb@cdc.gov,Male,20,true,Albania,Pojan
409,Samara,Leppingwell,sleppingwellbc@slashdot.org,Female,55,false,Philippines,Mancilang
410,Aron,Wesley,awesleybd@mapquest.com,Male,40,true,Poland,Celestynów
411,Wileen,Alps,walpsbe@china.com.cn,Female,57,false,Philippines,Maluno Sur
412,Vernen,Heers,vheersbf@booking.com,Male,77,true,China,Xiadu
413,Matty,McCarroll,mmccarrollbg@seesaa.net,Male,57,false,Indonesia,Leubatang
414,Idell,Nelthorp,inelthorpbh@wikispaces.com,Female,8,true,France,Lyon
415,Augustin,Wardle,awardlebi@over-blog.com,Male,10,false,Indonesia,Bedadung Kulon
416,Doralyn,Imlen,dimlenbj@slideshare.net,Female,41,false,China,Huilong
417,Mack,Rodenhurst,mrodenhurstbk@springer.com,Male,19,true,Philippines,Bungsuan
418,Christophe,Selly,csellybl@desdev.cn,Non-binary,23,true,Angola,Nzeto
419,Woodman,Kuzma,wkuzmabm@tinypic.com,Male,53,false,Peru,Urcos
420,Whitney,Gandy,wgandybn@etsy.com,Female,45,false,South Africa,Bothaville
421,Clair,Dyson,cdysonbo@nba.com,Female,86,false,Indonesia,Pajak
422,Urbano,Stockton,ustocktonbp@go.com,Male,34,true,Peru,Jeberos
423,Berton,Mingotti,bmingottibq@cnn.com,Male,25,true,Russia,Chernyakhovsk
424,Bartholomeus,Tellesson,btellessonbr@wix.com,Male,83,false,United States,Omaha
425,Son,Sexton,ssextonbs@myspace.com,Polygender,32,true,China,Zishan
426,Linette,Duchart,lduchartbt@unesco.org,Female,33,false,Ireland,Gort
427,Terrijo,Readett,treadettbu@noaa.gov,Female,31,true,China,Shicheng
428,Jimmie,Gerhold,jgerholdbv@networkadvertising.org,Male,85,true,China,Shuangjing
429,Robert,Lipsett,rlipsettbw@gmpg.org,Male,65,true,Kenya,Malaba
430,Hirsch,Fowle,hfowlebx@sphinn.com,Male,16,false,Kyrgyzstan,Jalal-Abad
431,Caralie,Alan,calanby@nasa.gov,Female,32,true,Egypt,Sharm el-Sheikh
432,Carlotta,Catteroll,ccatterollbz@usgs.gov,Female,36,false,Russia,Narimanov
433,Barb,Robrose,brobrosec0@example.com,Female,23,true,China,Fenjie
434,Clyde,Aubrun,caubrunc1@mac.com,Male,15,false,United States,Memphis
435,Giffer,Mercik,gmercikc2@unesco.org,Male,41,false,Serbia,Uzdin
436,Misha,Cote,mcotec3@ibm.com,Female,79,false,Indonesia,Dukuhsawah
437,Haywood,Davley,hdavleyc4@uol.com.br,Male,75,true,Ukraine,Myrnyy
438,Diena,Bartels,dbartelsc5@ibm.com,Female,40,true,Zimbabwe,Plumtree
439,Jessy,Huygen,jhuygenc6@arstechnica.com,Female,13,false,China,Linjiang
440,Adams,Blazeby,ablazebyc7@mashable.com,Male,35,true,South Africa,Potchefstroom
441,Georgette,Nairne,gnairnec8@pen.io,Female,56,true,Indonesia,Tuanai
442,Dahlia,Lewtey,dlewteyc9@sbwire.com,Female,67,false,China,Fuxing
443,Sherlocke,Vasyukhnov,svasyukhnovca@tinypic.com,Non-binary,31,false,Armenia,Tsaghkadzor
444,Chantal,Sommerfeld,csommerfeldcb@ameblo.jp,Female,17,false,France,Vichy
445,Reinald,Pyford,rpyfordcc@facebook.com,Male,88,false,Peru,Carapo
446,Lurlene,Ollier,lolliercd@ox.ac.uk,Female,23,false,South Africa,Springbok
447,Klarrisa,Bryers,kbryersce@psu.edu,Female,92,true,Philippines,Prado Siongco
448,Betta,Halfacree,bhalfacreecf@com.com,Female,62,true,Mexico,Santa Cruz
449,Jo,Engel,jengelcg@wikia.com,Female,52,true,China,Tongzilin
450,Lilly,Konzel,lkonzelch@deliciousdays.com,Female,85,false,Malaysia,Ipoh
451,Stanleigh,Roach,sroachci@yandex.ru,Male,74,true,Pakistan,Begowāla
452,Chaddy,Kondratenko,ckondratenkocj@flavors.me,Genderfluid,52,false,Indonesia,Godong
453,Hadrian,Wylder,hwylderck@uol.com.br,Male,7,true,Namibia,Lüderitz
454,Konstance,Murrock,kmurrockcl@oakley.com,Female,60,false,Iran,Malāyer
455,Ardelia,Bedo,abedocm@blogspot.com,Female,85,false,China,Jiangtou
456,Hurleigh,Simoens,hsimoenscn@ezinearticles.com,Male,57,true,China,Liquan Chengguanzhen
457,Lothaire,Scott,lscottco@ucsd.edu,Male,30,false,China,Pingzhuang
458,Teddy,Castelluzzi,tcastelluzzicp@howstuffworks.com,Female,42,true,Nigeria,Uyo
459,Karlotta,Poznan,kpoznancq@mashable.com,Female,14,true,Philippines,Garcia Hernandez
460,Barty,Normavell,bnormavellcr@macromedia.com,Male,28,false,China,Daxi
461,Tamma,de Najera,tdenajeracs@photobucket.com,Female,81,false,Nigeria,Ilare
462,Hunfredo,Harce,hharcect@wufoo.com,Male,83,true,Portugal,Quinta do Sobrado
463,Dudley,Gegg,dgeggcu@arizona.edu,Male,8,true,Yemen,Dhahi
464,Rupert,Drakers,rdrakerscv@ebay.co.uk,Male,9,false,China,Luyang
465,Addia,Goudman,agoudmancw@surveymonkey.com,Female,12,false,Peru,Vilca
466,Etti,Cartner,ecartnercx@istockphoto.com,Polygender,48,false,France,Saint-Jean-de-Luz
467,Nathalia,Kemson,nkemsoncy@jiathis.com,Female,32,true,Mexico,Benito Juarez
468,Adela,Zute,azutecz@canalblog.com,Female,44,true,Peru,Canta
469,Liz,Roche,lroched0@oracle.com,Female,17,false,Vietnam,Lai Cách
470,Arch,Itzak,aitzakd1@nsw.gov.au,Male,53,true,Indonesia,Desa Baregbeg
471,Sally,Fearnill,sfearnilld2@wikimedia.org,Female,68,true,Norway,Fredrikstad
472,Clint,Gunson,cgunsond3@vistaprint.com,Male,35,true,Philippines,Manuel Roxas
473,Emelen,Maybey,emaybeyd4@apple.com,Male,53,false,Ivory Coast,Guiglo
474,Farly,Diamond,fdiamondd5@istockphoto.com,Male,91,true,Angola,Namibe
475,Chrisse,Maps,cmapsd6@apple.com,Male,85,false,Argentina,San Luis del Palmar
476,Angeline,Ferrettini,aferrettinid7@bluehost.com,Female,58,true,Philippines,Bagroy
477,Anitra,Ardley,aardleyd8@cbc.ca,Female,25,false,United States,Newark
478,Del,Kingerby,dkingerbyd9@de.vu,Female,48,true,Mexico,Miguel Hidalgo
479,Fionna,Palffy,fpalffyda@github.io,Female,74,false,China,Xincheng
480,Alvera,Marxsen,amarxsendb@stumbleupon.com,Female,15,false,Portugal,Seixezelo
481,Hamil,Oland,holanddc@wunderground.com,Male,49,false,Serbia,Ruma
482,Rodge,California,rcaliforniadd@dell.com,Male,66,false,Cameroon,Penja
483,Aaren,Masterson,amastersonde@goo.gl,Female,23,true,Israel,Tamra
484,Cami,Tiltman,ctiltmandf@economist.com,Female,45,true,Russia,Tarnogskiy Gorodok
485,Wynne,Daine,wdainedg@studiopress.com,Female,45,false,South Africa,Ixopo
486,Olva,Isgar,oisgardh@github.com,Female,82,false,Nauru,Anabar
487,Freddie,Denisot,fdenisotdi@phoca.cz,Genderfluid,75,true,France,Lyon
488,Corine,Peaurt,cpeaurtdj@hud.gov,Female,24,true,Finland,Ekenäs
489,Hernando,Leinweber,hleinweberdk@google.it,Male,81,false,Indonesia,Kamubheka
490,Sebastiano,Lewing,slewingdl@tripod.com,Male,22,true,France,Rungis
491,Augy,Macbeth,amacbethdm@harvard.edu,Male,57,true,Macedonia,Obršani
492,Finlay,Enderlein,fenderleindn@cocolog-nifty.com,Male,41,true,China,Huyunxiang
493,Willabella,Dosdale,wdosdaledo@typepad.com,Female,72,false,China,Yahe
494,Charisse,Becke,cbeckedp@gov.uk,Female,13,true,China,Xianyan
495,Kellen,Kanter,kkanterdq@twitpic.com,Female,42,true,Argentina,Garupá
496,Gerry,Erlam,gerlamdr@ehow.com,Male,69,true,Japan,Kakuda
497,Josee,Liddon,jliddonds@sitemeter.com,Female,56,false,Brazil,Alfenas
498,Pietra,Sorrel,psorreldt@surveymonkey.com,Female,93,true,Portugal,Soito
499,Taite,McVie,tmcviedu@icq.com,Male,63,true,Armenia,Geghanist
500,Allix,Heugel,aheugeldv@oakley.com,Female,15,false,Philippines,Cabcaben
501,Giana,Quincey,gquinceydw@symantec.com,Female,69,true,South Africa,Dordrecht
502,Riki,Fellow,rfellowdx@1und1.de,Female,18,true,Indonesia,Negla
503,Viola,Dowthwaite,vdowthwaitedy@hhs.gov,Female,73,false,Indonesia,Kelapa
504,Aubine,Kleinhaus,akleinhausdz@huffingtonpost.com,Female,82,false,Colombia,Anolaima
505,Connie,Goublier,cgoubliere0@sphinn.com,Female,74,false,Finland,Savonranta
506,Abbi,Petteford,apetteforde1@1und1.de,Female,18,true,Philippines,Maria Cristina
507,Teriann,Olivari,tolivarie2@a8.net,Female,6,false,Indonesia,Kandangsapi
508,Iorgo,Jakeman,ijakemane3@blogger.com,Male,35,false,China,Changxingbao
509,Witty,Kusick,wkusicke4@unblog.fr,Male,9,false,Peru,Bretaña
510,Winny,King,wkinge5@msn.com,Male,24,true,Philippines,Daykitin
511,Karee,Hasley,khasleye6@google.ru,Female,31,true,Colombia,San Luis
512,Mariele,Corradetti,mcorradettie7@scientificamerican.com,Female,54,false,Colombia,Soledad
513,Lyle,Silly,lsillye8@youtu.be,Male,82,false,Canada,Norfolk County
514,Ossie,Iorizzo,oiorizzoe9@apple.com,Male,63,false,Sweden,Falun
515,Cletis,Spillane,cspillaneea@google.com.hk,Male,11,true,Kosovo,Mitrovicë
516,Millard,Harrie,mharrieeb@epa.gov,Male,93,true,Russia,Yaroslavl
517,Addy,Wilmott,awilmottec@icio.us,Male,43,false,China,Zaoshi
518,Saundra,Patterfield,spatterfielded@ebay.com,Female,56,false,Finland,Lappi
519,Nanon,Le feaver,nlefeaveree@wufoo.com,Female,39,false,Panama,Portobelo
520,Deloria,Hanigan,dhaniganef@alexa.com,Female,31,false,Philippines,Cateel
521,Jeremie,Cowles,jcowleseg@yelp.com,Male,25,true,Peru,Tarata
522,Cass,Fourcade,cfourcadeeh@imgur.com,Female,43,true,France,Paris 03
523,Persis,Bartosch,pbartoschei@miibeian.gov.cn,Female,85,true,Finland,Vaasa
524,Herschel,Jakeman,hjakemanej@squidoo.com,Polygender,52,false,China,Chengxi
525,Sisely,Burel,sburelek@cpanel.net,Female,28,true,Brazil,Gavea
526,Trescha,Penwell,tpenwellel@china.com.cn,Female,9,false,Thailand,Non Sila
527,Wendel,Poolton,wpooltonem@scientificamerican.com,Male,92,true,Pakistan,Nowshera Cantonment
528,Napoleon,McCarly,nmccarlyen@google.es,Male,7,false,Brazil,Santa Rosa
529,Bent,Gurrado,bgurradoeo@nifty.com,Male,6,false,Brazil,Palhoça
530,Jobyna,Ollerton,jollertonep@mayoclinic.com,Female,29,false,Peru,Vitarte
531,Alena,Hulbert,ahulberteq@bloglines.com,Female,77,true,Poland,Bobowa
532,Rozelle,Wardlaw,rwardlawer@cmu.edu,Female,90,false,Indonesia,Mbomba
533,Tanner,Belvard,tbelvardes@seattletimes.com,Male,14,true,Poland,Jadowniki Mokre
534,Alard,Elland,aellandet@usnews.com,Male,20,true,Brazil,Pires do Rio
535,Jasmina,Kitto,jkittoeu@moonfruit.com,Female,80,false,China,Jixi
536,Elianore,Ganning,eganningev@miitbeian.gov.cn,Female,22,true,France,Rennes
537,Peterus,Toovey,ptooveyew@cocolog-nifty.com,Male,60,false,China,Xingxi
538,Fancie,Sandcroft,fsandcroftex@canalblog.com,Female,52,true,China,Sanhe
539,Edie,Josovitz,ejosovitzey@shinystat.com,Female,31,true,Ireland,Cavan
540,Yulma,Kenrack,ykenrackez@wix.com,Male,53,true,Russia,Valuyki
541,Kimberlee,Comello,kcomellof0@illinois.edu,Female,83,true,Zimbabwe,Gwanda
542,Desiri,Patria,dpatriaf1@barnesandnoble.com,Female,61,true,Peru,Aija
543,Stefania,Pessel,spesself2@deviantart.com,Female,41,false,New Zealand,Methven
544,Anestassia,Ponsford,aponsfordf3@who.int,Female,47,true,Guatemala,La Reforma
545,Ephrem,Decayette,edecayettef4@lycos.com,Male,75,true,Indonesia,Jadi
546,Pablo,Brydell,pbrydellf5@joomla.org,Male,50,false,South Korea,Yanggu
547,Agnesse,Braunton,abrauntonf6@microsoft.com,Female,57,true,China,Heshi
548,Morey,Struther,mstrutherf7@nature.com,Male,30,true,Indonesia,Doro Oo
549,Dillon,Pigny,dpignyf8@uol.com.br,Male,69,true,China,Siheyuan
550,Arvie,Swatland,aswatlandf9@pinterest.com,Male,78,true,Japan,Fujisawa
551,Charis,Guerrieri,cguerrierifa@ihg.com,Female,6,false,Sierra Leone,Port Loko
552,Bobbi,Pickett,bpickettfb@prnewswire.com,Female,42,false,Portugal,Angra do Heroísmo
553,Onofredo,Gosland,ogoslandfc@is.gd,Male,31,false,Indonesia,Dawuhan
554,Dallon,Rollett,drollettfd@ocn.ne.jp,Male,41,true,Uganda,Bwizibwera
555,Dareen,Fellgate,dfellgatefe@newsvine.com,Bigender,88,true,Japan,Mikuni
556,Lion,Hiorn,lhiornff@usatoday.com,Male,31,false,Vietnam,Phong Điền
557,Bernhard,Reynoollds,breynoolldsfg@dedecms.com,Male,24,true,Paraguay,Areguá
558,Kellsie,Gisburne,kgisburnefh@wsj.com,Female,77,false,Indonesia,Angkup
559,Gunar,Tatlock,gtatlockfi@netscape.com,Male,20,true,China,Hongyi
560,Dedie,Levane,dlevanefj@scientificamerican.com,Female,78,true,Indonesia,Sendangagung
561,Meggie,Ropcke,mropckefk@jiathis.com,Female,61,true,Colombia,El Carmen de Bolívar
562,Karalee,Lindop,klindopfl@feedburner.com,Female,25,false,Thailand,Ban Phan Don
563,Teirtza,Ericsson,tericssonfm@deliciousdays.com,Female,92,false,China,Zhuhu
564,Dimitri,Cinderey,dcindereyfn@indiatimes.com,Male,48,true,Philippines,Langpas
565,Hortensia,Borthe,hborthefo@123-reg.co.uk,Female,9,false,Martinique,Schœlcher
566,Ardra,Epsly,aepslyfp@about.com,Female,10,false,Brazil,Pôsto Fiscal Rolim de Moura
567,Pammy,Bourne,pbournefq@jiathis.com,Female,88,true,Poland,Sosnówka
568,Addy,Shellsheere,ashellsheerefr@ameblo.jp,Female,87,true,Morocco,Tafraout
569,Minnie,Philipsohn,mphilipsohnfs@gnu.org,Female,55,true,Indonesia,Ngawen
570,Katrine,Gosnold,kgosnoldft@typepad.com,Bigender,15,false,Tanzania,Nkove
571,Kassie,Fasse,kfassefu@upenn.edu,Female,44,true,China,Weifen
572,Jori,Lackinton,jlackintonfv@altervista.org,Female,95,true,Poland,Bielawa
573,Aldridge,Costelow,acostelowfw@flickr.com,Non-binary,30,true,Malaysia,Melaka
574,Brooks,Van,bvanfx@slideshare.net,Male,75,false,Sweden,Tyresö
575,Kelcie,Farn,kfarnfy@army.mil,Female,35,true,Belarus,Drybin
576,Abraham,Fentem,afentemfz@weibo.com,Male,64,false,China,Luxi
577,Brynn,Carlett,bcarlettg0@scientificamerican.com,Female,89,false,Indonesia,Kedungbanteng Krajan
578,Cleo,Butterwick,cbutterwickg1@merriam-webster.com,Female,35,true,Sweden,Värnamo
579,Cody,Stoffersen,cstofferseng2@xinhuanet.com,Male,90,true,Sweden,Knivsta
580,Rubia,Legen,rlegeng3@dyndns.org,Female,28,true,Greece,Arfará
581,Gail,Garriock,ggarriockg4@clickbank.net,Male,27,false,Colombia,Cajicá
582,Kristofer,O' Donohue,kodonohueg5@github.com,Male,49,true,China,Beidou
583,Catharina,Smooth,csmoothg6@arstechnica.com,Female,7,true,Poland,Wieniawa
584,Melodee,Wicklin,mwickling7@alexa.com,Female,24,true,Venezuela,Biscucuy
585,Bucky,Druett,bdruettg8@deliciousdays.com,Male,16,true,Botswana,Molepolole
586,Yance,Lyvon,ylyvong9@ihg.com,Male,81,true,Philippines,Malaga
587,Tierney,Stubbeley,tstubbeleyga@google.it,Female,67,true,Cameroon,Mutengene
588,Beth,Smedmoor,bsmedmoorgb@studiopress.com,Female,43,true,Russia,Novogornyy
589,Thaddus,Giotto,tgiottogc@fastcompany.com,Male,11,true,Philippines,Bacnor East
590,Kev,Insole,kinsolegd@prweb.com,Male,22,true,Brazil,Cabreúva
591,Kaitlynn,Garrettson,kgarrettsonge@merriam-webster.com,Female,72,true,Brazil,Laranjeiras
592,Pansy,McGilmartin,pmcgilmartingf@booking.com,Female,45,false,Japan,Shiogama
593,Roda,Jon,rjongg@sciencedaily.com,Female,8,false,Canada,Swift Current
594,Sallyann,Muirhead,smuirheadgh@china.com.cn,Female,95,true,Indonesia,Pandansari
595,Tasha,Donson,tdonsongi@bloglines.com,Female,75,false,Poland,Zamarski
596,Sallee,Henden,shendengj@webnode.com,Female,90,true,Sweden,Umeå
597,Hinda,Snarie,hsnariegk@vimeo.com,Female,52,true,Mali,Tessalit
598,Lila,Cokayne,lcokaynegl@sfgate.com,Agender,44,true,Vietnam,Cái Dầu
599,Gerianna,MacDearmaid,gmacdearmaidgm@eepurl.com,Female,17,false,Brazil,Itajaí
600,Jabez,Cominotti,jcominottign@oaic.gov.au,Male,44,true,China,Nanniu
601,Antin,Pimm,apimmgo@yellowpages.com,Male,35,true,Haiti,Belle-Anse
602,Bird,Taggart,btaggartgp@instagram.com,Female,31,true,China,Duhu
603,Mata,Stoneham,mstonehamgq@nature.com,Male,74,true,Serbia,Nova Varoš
604,Dewie,Beckenham,dbeckenhamgr@go.com,Male,13,true,Russia,Bronnitsy
605,Claresta,Oak,coakgs@t.co,Female,92,false,Cameroon,Garoua Boulaï
606,Ulick,Smorthit,usmorthitgt@theguardian.com,Male,88,true,Laos,Bolikhan
607,Mark,Blesing,mblesinggu@comsenz.com,Male,16,true,Thailand,Muang Sam Sip
608,Arvin,Branston,abranstongv@behance.net,Male,22,false,China,Shadili
609,Blanch,Beri,bberigw@is.gd,Female,75,true,Egypt,Manfalūţ
610,Nada,Petrillo,npetrillogx@stumbleupon.com,Female,26,true,Russia,Nikol’sk
611,Obadiah,Regan,oregangy@japanpost.jp,Male,69,false,Sweden,Brämhult
612,Aliza,Coltart,acoltartgz@fda.gov,Female,12,false,Canada,Labelle
613,Nicolette,Cottu,ncottuh0@devhub.com,Female,36,false,Colombia,Barrancas
614,Maiga,Gaye,mgayeh1@google.co.jp,Female,50,true,Canada,Carman
615,Christophe,Chesser,cchesserh2@twitpic.com,Male,55,false,Colombia,Belalcazar
616,Windy,Chipchase,wchipchaseh3@bbb.org,Female,72,false,China,Dongshe
617,Vally,Prattin,vprattinh4@addthis.com,Female,27,true,Sri Lanka,Gampola
618,Florrie,Lenormand,flenormandh5@nhs.uk,Female,73,false,Japan,Matsubase
619,Blanca,Bewicke,bbewickeh6@theatlantic.com,Female,76,true,China,Guyang
620,Humfrey,Britner,hbritnerh7@mayoclinic.com,Male,17,true,United States,El Paso
621,Suzann,Ferris,sferrish8@biblegateway.com,Female,94,false,United States,San Diego
622,Car,Placido,cplacidoh9@tmall.com,Male,71,true,China,Longlou
623,Tracy,Khomin,tkhominha@discuz.net,Agender,43,false,Indonesia,Tasikona
624,Raynard,Swallow,rswallowhb@irs.gov,Male,58,false,Russia,Kastornoye
625,Joshua,Linsay,jlinsayhc@washington.edu,Genderfluid,17,true,China,Shangyong
626,Suzanna,Cantor,scantorhd@netscape.com,Female,40,true,France,Paris 18
627,Morse,Reihm,mreihmhe@example.com,Male,53,false,China,Tangkou
628,Kassie,Sercombe,ksercombehf@google.co.uk,Female,9,false,Philippines,Linamon
629,Marris,Gaynsford,mgaynsfordhg@yelp.com,Female,68,true,China,Yangzhong
630,Lona,Horlick,lhorlickhh@blog.com,Female,77,true,Portugal,Vinhais
631,Hyman,Farrent,hfarrenthi@themeforest.net,Male,57,false,Chile,Cartagena
632,Ty,MacMeekan,tmacmeekanhj@icio.us,Male,40,false,Namibia,Aranos
633,Ferguson,Treagus,ftreagushk@reference.com,Male,46,false,China,Hekou
634,Freda,MacCracken,fmaccrackenhl@constantcontact.com,Female,57,true,Russia,Podol’sk
635,Otha,Cutts,ocuttshm@oaic.gov.au,Female,21,false,Poland,Olsztyn
636,Lorrayne,Jenyns,ljenynshn@who.int,Female,66,true,Syria,Kafr Nubl
637,Luciano,McCamish,lmccamishho@dmoz.org,Male,52,true,Denmark,København
638,Megan,Frantz,mfrantzhp@oaic.gov.au,Agender,44,true,China,Wangchuanchang
639,Ree,Merchant,rmerchanthq@purevolume.com,Female,43,false,China,Changsheng
640,Cobbie,Bhar,cbharhr@geocities.jp,Male,47,true,Serbia,Užice
641,Annabel,Hatton,ahattonhs@yolasite.com,Female,65,true,Chile,Victoria
642,Major,Fishly,mfishlyht@abc.net.au,Male,45,true,France,Blois
643,Minor,Teather,mteatherhu@oakley.com,Male,49,true,Poland,Łomża
644,Chantal,Sedgeworth,csedgeworthhv@sbwire.com,Female,54,true,China,Zhenlai
645,Ivett,Worlidge,iworlidgehw@theguardian.com,Female,92,true,France,Massy
646,Karoly,Tanswell,ktanswellhx@cbsnews.com,Male,43,false,China,Changxing
647,Tiebout,Perocci,tperoccihy@elpais.com,Male,53,true,China,Ciyu
648,Meir,Mully,mmullyhz@photobucket.com,Male,89,true,Czech Republic,Tlumačov
649,Alvie,Blanque,ablanquei0@comsenz.com,Male,45,false,Peru,San Antonio
650,Lilith,Riley,lrileyi1@latimes.com,Female,86,false,Brazil,Cuiabá
651,Lilia,Garvagh,lgarvaghi2@technorati.com,Female,13,true,Vietnam,Yên Thành
652,Natalya,Blackledge,nblackledgei3@comcast.net,Genderqueer,59,false,United States,Phoenix
653,Bondon,Rizzardini,brizzardinii4@smugmug.com,Male,84,true,Indonesia,Tanjung
654,Torre,Crittal,tcrittali5@discuz.net,Male,54,true,Indonesia,Binangun
655,Eileen,Goldfinch,egoldfinchi6@redcross.org,Female,20,true,Uruguay,Progreso
656,Benedick,Mettetal,bmettetali7@mac.com,Male,40,false,Poland,Rybczewice
657,Maureene,Sworn,msworni8@flickr.com,Female,18,true,Kazakhstan,Qulsary
658,Niles,Feldmann,nfeldmanni9@ucoz.com,Male,65,false,South Africa,Whittlesea
659,Leonore,Haslock(e),lhaslockeia@scientificamerican.com,Female,55,false,Poland,Żórawina
660,Robena,Jahns,rjahnsib@hao123.com,Female,53,true,Brazil,Fernandópolis
661,Clarice,Lepick,clepickic@icio.us,Polygender,67,true,Poland,Łaziska Górne
662,Bendick,Guesford,bguesfordid@vkontakte.ru,Male,32,true,Indonesia,Modis
663,Terrie,Roxbee,troxbeeie@ibm.com,Female,74,false,Indonesia,Jati
664,Stanleigh,Jenkins,sjenkinsif@google.fr,Male,40,true,China,Jiufeng
665,Whitney,Doles,wdolesig@hexun.com,Male,42,false,Philippines,Margos
666,Salvatore,Tidbury,stidburyih@ihg.com,Male,54,true,Poland,Błażowa
667,Ivie,Saberton,isabertonii@wufoo.com,Polygender,53,true,Chile,Viña del Mar
668,Heath,Shortin,hshortinij@w3.org,Polygender,12,false,Colombia,Girardot
669,Barbee,Maiklem,bmaiklemik@reverbnation.com,Female,81,false,Serbia,Perlez
670,Cele,Garr,cgarril@360.cn,Polygender,92,false,Ukraine,Shpola
671,Clementina,Phipard-Shears,cphipardshearsim@angelfire.com,Female,18,false,Macedonia,Čair
672,Web,Luxon,wluxonin@360.cn,Male,51,false,China,Maba
673,Berk,Feeny,bfeenyio@engadget.com,Male,15,false,Palau,Tobi Village
674,Xaviera,Lynthal,xlynthalip@va.gov,Female,59,false,Morocco,Khemisset
675,Laurette,Domokos,ldomokosiq@list-manage.com,Agender,50,true,Sweden,Stockholm
676,Kaitlyn,Wigginton,kwiggintonir@slashdot.org,Female,44,false,Brazil,Presidente Venceslau
677,Elnora,Brownsill,ebrownsillis@jimdo.com,Female,56,false,United States,Ogden
678,Goddard,Goodale,ggoodaleit@xrea.com,Male,23,false,United States,Roanoke
679,Beverie,McAloren,bmcaloreniu@mail.ru,Female,68,false,Philippines,Malitubog
680,Alphard,McGow,amcgowiv@hp.com,Genderfluid,66,false,Indonesia,Talambung Laok
681,Taber,Plumridege,tplumridegeiw@newyorker.com,Male,87,true,China,Wenxi
682,Mariellen,Yuryatin,myuryatinix@google.ca,Female,90,false,Greece,Stylída
683,Kellen,Aldin,kaldiniy@linkedin.com,Female,23,false,Guatemala,Escuintla
684,Anders,Longmuir,alongmuiriz@time.com,Male,69,false,Japan,Shiozawa
685,Prentice,Glyne,pglynej0@xrea.com,Male,76,false,Philippines,Hernani
686,Brett,Corney,bcorneyj1@multiply.com,Male,11,false,Indonesia,Bajomulyo
687,Danny,Keeble,dkeeblej2@1688.com,Male,12,false,Indonesia,Awayan
688,Jarid,Wodeland,jwodelandj3@clickbank.net,Male,64,false,Brazil,Itaperuçu
689,Teodorico,Sallan,tsallanj4@mediafire.com,Male,6,false,Canada,Asbestos
690,Dodie,Boscher,dboscherj5@utexas.edu,Female,13,false,Indonesia,Gayamdesa
691,Shara,Golsworthy,sgolsworthyj6@tripadvisor.com,Female,47,true,Portugal,São Domingos de Rana
692,Ive,Feldhammer,ifeldhammerj7@nba.com,Male,89,true,China,Shigutang
693,Angus,Gillson,agillsonj8@usgs.gov,Male,34,false,China,Huchang
694,Ettie,Odd,eoddj9@youtube.com,Female,67,true,Russia,Porosozero
695,Dan,Crompton,dcromptonja@nba.com,Male,21,false,Sweden,Västervik
696,Ilaire,Churchyard,ichurchyardjb@pagesperso-orange.fr,Male,16,false,Indonesia,Lembang
697,Aurore,Bengtsson,abengtssonjc@sfgate.com,Female,31,false,Russia,Trudovoye
698,Elladine,Zanneli,ezannelijd@msn.com,Female,20,true,Poland,Nieborów
699,Bartel,Sander,bsanderje@columbia.edu,Male,35,true,Albania,Shushicë
700,Nehemiah,Fishlock,nfishlockjf@mtv.com,Male,74,true,Portugal,Águas
701,Dorri,Blasius,dblasiusjg@ftc.gov,Female,25,false,Sweden,Klippan
702,Christophe,O' Lone,colonejh@oakley.com,Male,43,true,Brazil,Guaçuí
703,Umeko,Rymell,urymellji@un.org,Female,28,false,Chile,Puerto Montt
704,Marissa,Bellin,mbellinjj@samsung.com,Female,73,true,China,Laoxingchang
705,Mikaela,Felipe,mfelipejk@wordpress.org,Female,94,false,Pakistan,Nankāna Sāhib
706,Dare,Studart,dstudartjl@google.com.hk,Male,87,false,China,Jinniu
707,Mahmoud,Leeburne,mleeburnejm@youtu.be,Male,85,false,China,Lijiazui
708,Noella,Castagnaro,ncastagnarojn@aol.com,Female,60,false,China,Zhoupi
709,Traver,Trevillion,ttrevillionjo@aol.com,Male,62,false,China,Shenshan
710,Kassi,Carwithen,kcarwithenjp@blogspot.com,Polygender,56,true,Peru,Tisco
711,Donelle,Immer,dimmerjq@hubpages.com,Female,68,false,Philippines,Bolaoit
712,Pepillo,Creer,pcreerjr@washingtonpost.com,Male,15,true,China,Dagu
713,Cinda,Questier,cquestierjs@latimes.com,Female,55,true,Niger,Dogondoutchi
714,Gilburt,Davidow,gdavidowjt@miibeian.gov.cn,Polygender,11,false,Panama,El Coco
715,Muire,Cowl,mcowlju@github.io,Female,30,true,Bulgaria,Dimitrovgrad
716,Hervey,Dudlestone,hdudlestonejv@hhs.gov,Male,76,true,China,Rinang
717,Raimondo,Jane,rjanejw@bluehost.com,Bigender,40,false,Indonesia,Kediri
718,Eb,O'Dowd,eodowdjx@ox.ac.uk,Male,87,false,Colombia,Ayapel
719,Morgen,Grover,mgroverjy@newyorker.com,Male,26,false,Portugal,Cabeçudos
720,Arabelle,Naisey,anaiseyjz@abc.net.au,Female,21,true,China,Ganhe
721,Gregg,Keyme,gkeymek0@blogs.com,Male,26,false,Russia,Silikatnyy
722,Tobit,Anfossi,tanfossik1@eventbrite.com,Male,40,false,China,Laidian
723,Ely,MacCourt,emaccourtk2@a8.net,Male,65,true,Indonesia,Ngulakan
724,Cale,Douthwaite,cdouthwaitek3@skyrock.com,Male,86,false,Sweden,Västerås
725,Clarita,Bartholat,cbartholatk4@exblog.jp,Female,95,false,Finland,Rauma
726,Herman,Sitlinton,hsitlintonk5@tinypic.com,Male,69,false,Czech Republic,Uherský Ostroh
727,Dreddy,Thorndale,dthorndalek6@bloomberg.com,Female,7,true,China,Huangbu
728,Rosalind,Swansborough,rswansboroughk7@geocities.com,Female,23,false,China,Liuhe
729,Nathanil,Mathou,nmathouk8@rediff.com,Male,77,true,Ukraine,Drohobych
730,Shirley,Mullinder,smullinderk9@buzzfeed.com,Female,20,false,Dominican Republic,Las Matas de Santa Cruz
731,Towney,Stribling,tstriblingka@odnoklassniki.ru,Male,63,true,Nigeria,Lalupon
732,Brander,Johnston,bjohnstonkb@bloglines.com,Male,90,true,China,Huangsha
733,Leonhard,Yglesia,lyglesiakc@elpais.com,Male,14,true,Lebanon,Sîr ed Danniyé
734,Reade,Mathouse,rmathousekd@icio.us,Polygender,51,false,Spain,Santiago De Compostela
735,Reinhold,Bagg,rbaggke@skyrock.com,Male,77,true,Indonesia,Cabean
736,Gav,Corre,gcorrekf@who.int,Male,85,false,China,Fanzhuang
737,Nesta,Dodson,ndodsonkg@google.ca,Female,41,true,Norway,Oslo
738,Cory,Mersey,cmerseykh@indiegogo.com,Male,70,false,Tunisia,Al Wardānīn
739,Jehu,Lascelles,jlascelleski@oakley.com,Male,10,true,France,Villeurbanne
740,Dael,Ragles,dragleskj@cdc.gov,Male,89,true,Palau,Ngchesar Hamlet
741,Jonah,Blatchford,jblatchfordkk@ebay.co.uk,Male,6,false,France,Brest
742,Darb,Gostage,dgostagekl@answers.com,Female,44,false,Russia,Serpukhov
743,Thia,Brierley,tbrierleykm@zdnet.com,Female,28,false,Russia,Vyshneye Dolgoye
744,Rebe,Bastie,rbastiekn@odnoklassniki.ru,Female,15,false,Colombia,Acacías
745,Jobyna,Allcock,jallcockko@comsenz.com,Female,48,false,Portugal,Lagos da Beira
746,Pincus,Pattini,ppattinikp@washingtonpost.com,Male,66,true,Indonesia,Khairiahmandah
747,Gradey,MacAfee,gmacafeekq@auda.org.au,Male,37,true,Norway,Oslo
748,Luelle,Coweuppe,lcoweuppekr@wikimedia.org,Female,92,true,Brazil,José Bonifácio
749,Saraann,Anders,sandersks@census.gov,Agender,74,true,Philippines,Santa Justina
750,Andrea,McIlherran,amcilherrankt@soup.io,Male,38,true,Colombia,Elías
751,Melesa,Wyse,mwyseku@marketwatch.com,Female,22,true,Poland,Świeradów-Zdrój
752,Sophia,Killner,skillnerkv@walmart.com,Female,14,true,China,Huatanshan
753,Hermann,Pidcock,hpidcockkw@devhub.com,Male,38,false,Peru,Cotabambas
754,Chris,Spinke,cspinkekx@weibo.com,Female,66,false,Colombia,Rivera
755,Price,Wagstaffe,pwagstaffeky@prlog.org,Male,8,false,Indonesia,Bokor
756,Britteny,Gifford,bgiffordkz@ted.com,Female,54,true,Malawi,Mzuzu
757,Tamra,Pudge,tpudgel0@ehow.com,Female,35,true,Indonesia,Wolometang
758,Ora,Maskrey,omaskreyl1@gov.uk,Female,9,true,Norway,Oslo
759,Dylan,Beetlestone,dbeetlestonel2@marriott.com,Male,81,false,Belarus,Buynichy
760,Dave,Philipard,dphilipardl3@sun.com,Male,63,true,Argentina,Villa del Rosario
761,Dall,Lawther,dlawtherl4@unicef.org,Male,87,true,Armenia,Surenavan
762,Chevy,De Meis,cdemeisl5@people.com.cn,Male,5,false,Nigeria,Gorgoram
763,Joyan,Heasly,jheaslyl6@newsvine.com,Female,54,true,Nigeria,Olupona
764,Edmon,Woodhall,ewoodhalll7@blogspot.com,Male,91,false,Indonesia,Puncakwangi
765,Melisandra,Bedo,mbedol8@merriam-webster.com,Female,83,false,Dominican Republic,Constanza
766,Hasheem,Harflete,hharfletel9@telegraph.co.uk,Male,61,false,Argentina,San Martín de los Andes
767,Andi,Terrill,aterrillla@ebay.com,Female,52,false,Indonesia,Krajan Joho
768,Cindee,Besset,cbessetlb@globo.com,Female,66,false,Brazil,Palmas
769,Zachariah,Falk,zfalklc@intel.com,Male,19,false,China,Xikou
770,Aindrea,Sawney,asawneyld@ftc.gov,Female,23,true,Portugal,Cabouco
771,Dian,Punton,dpuntonle@tiny.cc,Female,82,false,Indonesia,Andamui
772,Joane,Brownstein,jbrownsteinlf@zdnet.com,Polygender,48,true,Libya,Qasr Abu Hadi
773,My,Rounsivall,mrounsivalllg@163.com,Male,47,false,Czech Republic,Seč
774,Gordie,Bartlomiejczyk,gbartlomiejczyklh@amazon.co.uk,Male,55,false,China,Kunheda Woerzu Manzu
775,Bevon,Chown,bchownli@newyorker.com,Male,93,false,Japan,Otofuke
776,Edan,Jesson,ejessonlj@gmpg.org,Male,94,true,Vietnam,Quán Hành
777,Tobias,Farlane,tfarlanelk@360.cn,Male,29,true,Portugal,Requião
778,Edwin,Verlinde,everlindell@github.com,Male,69,false,Canada,Mount Pearl
779,Kelby,Casement,kcasementlm@shinystat.com,Male,95,true,Sweden,Storvik
780,Corri,Gurrado,cgurradoln@upenn.edu,Female,65,true,Croatia,Grubišno Polje
781,Chelsea,Esterbrook,cesterbrooklo@storify.com,Female,39,false,China,Jinhua
782,Joey,Fearnehough,jfearnehoughlp@fastcompany.com,Female,73,true,Venezuela,Aroa
783,Kynthia,Saltwell,ksaltwelllq@cam.ac.uk,Bigender,26,true,Portugal,Baraçais
784,Myrvyn,Alam,malamlr@si.edu,Male,23,true,China,Chahe
785,Kanya,Smethurst,ksmethurstls@independent.co.uk,Female,74,false,Kazakhstan,Karabas
786,Feliza,Wilkisson,fwilkissonlt@jalbum.net,Female,46,false,Burkina Faso,Sebba
787,Antonie,Kerswell,akerswelllu@ebay.com,Female,42,true,China,Fenkeng
788,Niall,Guyver,nguyverlv@blogs.com,Male,68,true,Honduras,El Plan
789,Larine,Bissex,lbissexlw@ftc.gov,Female,41,true,Bangladesh,Sarishābāri
790,Cayla,Meas,cmeaslx@engadget.com,Female,42,true,Philippines,Caigangan
791,Carmella,Jacquest,cjacquestly@ftc.gov,Female,16,true,Sweden,Kvänum
792,Kaspar,Ayrs,kayrslz@virginia.edu,Male,32,false,Argentina,General José de San Martín
793,Allyn,Dunseith,adunseithm0@opera.com,Female,87,true,Nicaragua,Jinotepe
794,Pen,Normadell,pnormadellm1@joomla.org,Female,37,true,China,Tanqiao
795,Izaak,Berntssen,iberntssenm2@soup.io,Genderqueer,93,true,Uzbekistan,Komsomol’skiy
796,Chrysler,Parlett,cparlettm3@feedburner.com,Female,73,true,Russia,Novokizhinginsk
797,Foss,Bestman,fbestmanm4@cbslocal.com,Male,7,true,China,Dingyan
798,Cami,Kitt,ckittm5@merriam-webster.com,Female,62,false,Indonesia,Bangunharja
799,Boigie,Patten,bpattenm6@mit.edu,Male,53,true,Indonesia,Balekersukamaju
800,Keenan,Lunge,klungem7@github.io,Male,78,true,Brazil,Aripuanã
801,Margette,Frill,mfrillm8@dailymotion.com,Female,19,false,Russia,Bayangol
802,Waldon,Brewerton,wbrewertonm9@ox.ac.uk,Male,30,true,Indonesia,Cipinang
803,Erik,Dalby,edalbyma@technorati.com,Male,48,false,China,Linshui
804,Robby,Fausset,rfaussetmb@hp.com,Female,55,true,South Korea,Namyangju
805,Di,Barmby,dbarmbymc@umn.edu,Female,41,true,China,Chaoyang
806,Willis,Koppeck,wkoppeckmd@seesaa.net,Male,95,true,Tanzania,Dongobesh
807,Libbi,Billion,lbillionme@ucla.edu,Female,66,true,China,Danchang
808,Padriac,Jumel,pjumelmf@intel.com,Male,66,false,Peru,Lluchubamba
809,Kennan,Georgel,kgeorgelmg@geocities.com,Male,16,false,Philippines,Fuerte
810,Hatty,Matthewman,hmatthewmanmh@prnewswire.com,Female,47,false,Sri Lanka,Gampola
811,Bella,Doul,bdoulmi@virginia.edu,Female,64,true,France,Vannes
812,Lilian,Shenfisch,lshenfischmj@eepurl.com,Female,44,false,France,Briey
813,Salomi,Le Cornu,slecornumk@infoseek.co.jp,Female,83,false,Czech Republic,Stochov
814,Gay,Hulse,ghulseml@archive.org,Female,72,true,China,Tangjia
815,Slade,Vlach,svlachmm@oracle.com,Male,65,true,Croatia,Kastav
816,Yoshi,Talman,ytalmanmn@samsung.com,Female,25,true,Armenia,Mayakovski
817,Lynette,Sievewright,lsievewrightmo@ibm.com,Female,62,false,Canada,Iroquois Falls
818,Adolf,Bartolomieu,abartolomieump@umn.edu,Male,85,false,Canada,Mattawa
819,Merrile,Badrick,mbadrickmq@nps.gov,Female,52,false,China,Jiefu
820,Edgar,Hucquart,ehucquartmr@statcounter.com,Male,41,true,Colombia,Ábrego
821,Ashla,Bellhouse,abellhousems@a8.net,Female,62,true,Russia,Novodvinsk
822,Bettine,O'Noland,bonolandmt@yandex.ru,Female,78,true,China,Binhailu
823,Austin,LaBastida,alabastidamu@ifeng.com,Genderfluid,75,false,Serbia,Boljevci
824,Bobbie,Petras,bpetrasmv@jiathis.com,Male,90,false,China,Macheng
825,Lynnea,Naper,lnapermw@ow.ly,Female,95,false,China,Dingshu
826,Ferdie,Lilloe,flilloemx@scientificamerican.com,Male,80,false,Afghanistan,Amānzī
827,Aubrey,Dowle,adowlemy@theatlantic.com,Male,24,true,Chile,Lota
828,Basil,Hamerton,bhamertonmz@webnode.com,Male,25,true,Brazil,Bayeux
829,Lori,Kirkhouse,lkirkhousen0@tumblr.com,Female,62,false,Mexico,Isidro Fabela
830,Guthry,Mingaye,gmingayen1@bloglines.com,Male,50,true,Indonesia,Koncang
831,Mellicent,Binford,mbinfordn2@t.co,Female,72,true,Indonesia,Lela
832,Theodor,Matuschek,tmatuschekn3@ehow.com,Male,34,false,Russia,Morshansk
833,Maddi,Conti,mcontin4@springer.com,Female,88,false,China,Huoshaoping
834,Sallie,Andric,sandricn5@mayoclinic.com,Female,50,true,China,Pingtan
835,Hagan,Burfoot,hburfootn6@google.co.uk,Male,91,false,Indonesia,Megulung
836,Brig,Kerridge,bkerridgen7@independent.co.uk,Male,16,false,Tunisia,Manouba
837,Kathlin,Bailles,kbaillesn8@yellowpages.com,Female,64,true,Jordan,Al Quwaysimah
838,Petronella,Casserley,pcasserleyn9@wordpress.com,Female,32,true,Serbia,Debeljača
839,Goldie,de Clerc,gdeclercna@last.fm,Female,33,true,China,Wangzuizi
840,Will,Van Arsdalen,wvanarsdalennb@about.me,Male,58,true,Cameroon,Loum
841,Batsheva,Hammill,bhammillnc@bing.com,Female,73,true,Sweden,Kåge
842,Reyna,Chucks,rchucksnd@domainmarket.com,Female,94,true,China,Acheng
843,Stanislaus,Paddington,spaddingtonne@zimbio.com,Male,92,true,China,Aduo
844,Gerry,Breens,gbreensnf@alexa.com,Female,25,true,Greece,Kariaí
845,Hobie,Dreher,hdreherng@discuz.net,Agender,68,true,China,Xiabaishi
846,Codie,Bayles,cbaylesnh@discuz.net,Male,28,true,Indonesia,Kendalngupuk
847,Neddie,Overil,noverilni@privacy.gov.au,Non-binary,72,true,Russia,Yelan’
848,Timotheus,Mager,tmagernj@g.co,Male,19,true,Ukraine,Simeykyne
849,Lona,Christopher,lchristophernk@nyu.edu,Female,83,false,China,Maoyang
850,Bert,Clabburn,bclabburnnl@illinois.edu,Female,92,false,Honduras,Nacaome
851,Ethelda,Goodliffe,egoodliffenm@gravatar.com,Female,5,true,Indonesia,Maiwal
852,Gael,Schall,gschallnn@yandex.ru,Female,79,true,China,Rixinhe
853,Shawn,Galiero,sgalierono@si.edu,Female,16,true,Egypt,Makadi Bay
854,Malena,Rubinovitch,mrubinovitchnp@over-blog.com,Female,76,true,Brazil,Niterói
855,Matty,Smedmoor,msmedmoornq@discovery.com,Male,64,false,Indonesia,Manola
856,Brad,Balham,bbalhamnr@posterous.com,Non-binary,39,false,China,Jiangjing
857,Sarena,Sudworth,ssudworthns@arstechnica.com,Genderfluid,94,true,China,Shenkou
858,Nicholas,Sikorski,nsikorskint@state.gov,Male,79,false,Brazil,Cosmópolis
859,Nelia,Paraman,nparamannu@aol.com,Female,39,true,China,Hanlin
860,Wilbert,Brokenbrow,wbrokenbrownv@reference.com,Male,44,true,Russia,Staropyshminsk
861,Shirl,Sparsholt,ssparsholtnw@hp.com,Female,81,true,Sweden,Stockholm
862,Kennett,Pidgen,kpidgennx@slashdot.org,Male,87,false,Poland,Przemków
863,Charles,Braddick,cbraddickny@va.gov,Male,88,false,Zambia,Mporokoso
864,Carmelle,Locks,clocksnz@deliciousdays.com,Female,20,false,Poland,Narol
865,Carver,Ide,cideo0@chronoengine.com,Male,10,false,Portugal,Cambas
866,Jody,Trower,jtrowero1@parallels.com,Female,88,true,China,Longtan
867,Bret,McKeney,bmckeneyo2@usa.gov,Male,9,false,Croatia,Bošnjaci
868,Manon,Woodcraft,mwoodcrafto3@angelfire.com,Female,72,false,Poland,Iława
869,Alessandro,Fairbridge,afairbridgeo4@army.mil,Male,14,false,Peru,Capacmarca
870,Andrej,Duchant,aduchanto5@japanpost.jp,Male,79,false,Ukraine,Myhiya
871,Carin,Emerton,cemertono6@networksolutions.com,Female,42,true,Indonesia,Bodeh
872,Zaccaria,Staddon,zstaddono7@example.com,Male,82,false,Mexico,Benito Juarez
873,Courtnay,Brettoner,cbrettonero8@diigo.com,Female,10,false,Colombia,Ubaté
874,Merrilee,Alliban,mallibano9@cbc.ca,Female,47,true,Philippines,Esperanza
875,Arturo,Glasby,aglasbyoa@alexa.com,Male,33,false,Portugal,Fojo
876,Ethyl,Halbard,ehalbardob@cocolog-nifty.com,Female,15,true,Finland,Kalajoki
877,Anetta,Biever,abieveroc@elegantthemes.com,Female,16,false,Indonesia,Cileunyi
878,Jenny,Van der Daal,jvanderdaalod@redcross.org,Female,57,false,Croatia,Krasica
879,Gennie,Giacopello,ggiacopellooe@sourceforge.net,Female,47,true,Nepal,Lahān
880,Jonathon,Iashvili,jiashviliof@illinois.edu,Male,38,true,Czech Republic,Mirovice
881,Correy,Jales,cjalesog@ucsd.edu,Male,7,false,Russia,Uritsk
882,Cesare,Bourcq,cbourcqoh@gnu.org,Male,30,true,Nigeria,Udi
883,Gerrie,Godspede,ggodspedeoi@nydailynews.com,Male,58,true,Portugal,Boucinha
884,Simona,Peile,speileoj@github.com,Female,57,false,Indonesia,Woto
885,Marnie,Crocetti,mcrocettiok@nih.gov,Female,23,true,Uruguay,San Bautista
886,Bourke,Binnes,bbinnesol@usa.gov,Male,94,false,China,Ehen Hudag
887,Norbie,Hessenthaler,nhessenthalerom@hc360.com,Male,30,true,Sierra Leone,Bumpe
888,Asher,Campos,acamposon@nationalgeographic.com,Male,56,false,Russia,Lobanovo
889,Elyse,Schiesterl,eschiesterloo@flickr.com,Female,17,true,Greece,Léchovo
890,Niven,Dadge,ndadgeop@phoca.cz,Male,89,false,Syria,Kuwayris Sharqī
891,Genvieve,Duly,gdulyoq@feedburner.com,Female,42,false,Indonesia,Sinarbakti
892,Trevor,McPhilip,tmcphilipor@sakura.ne.jp,Male,24,false,China,Yuhuangding
893,Rubina,Grieveson,rgrievesonos@jalbum.net,Female,51,true,New Zealand,Waitangi
894,Inna,Hallahan,ihallahanot@rambler.ru,Female,60,false,Bangladesh,Mādārīpur
895,Beatriz,D'Oyly,bdoylyou@hp.com,Female,60,false,South Africa,Driefontein
896,Clio,MacCorley,cmaccorleyov@usda.gov,Female,56,false,Portugal,Duas Igrejas
897,Lee,Newiss,lnewissow@indiatimes.com,Female,37,true,Japan,Sakai
898,Dulcy,D'eye,ddeyeox@nyu.edu,Female,46,true,Czech Republic,Dobšice
899,Corbin,Anthill,canthilloy@dedecms.com,Male,49,true,China,Jiqu
900,Harrison,Robinett,hrobinettoz@technorati.com,Male,11,false,Bulgaria,Gulyantsi
901,Colet,Binley,cbinleyp0@thetimes.co.uk,Male,56,false,Russia,Pevek
902,Sutton,Headley,sheadleyp1@etsy.com,Male,27,false,Japan,Ishioka
903,Susy,Sparkwell,ssparkwellp2@ezinearticles.com,Female,40,false,Chile,La Ligua
904,Consuela,Pegden,cpegdenp3@360.cn,Female,15,false,Brazil,Barra Mansa
905,Marysa,Courtliff,mcourtliffp4@123-reg.co.uk,Female,29,false,China,Hudai
906,Kaja,Jedryka,kjedrykap5@uiuc.edu,Female,32,true,Brazil,Barretos
907,Ollie,Elvidge,oelvidgep6@toplist.cz,Female,33,false,Switzerland,Thun
908,Jules,Dugall,jdugallp7@who.int,Male,59,false,China,Xiaba
909,Ingemar,Chorley,ichorleyp8@indiegogo.com,Male,84,true,China,Baoshan
910,Marty,Weedon,mweedonp9@who.int,Male,58,false,Malaysia,Pekan
911,Charmane,Holdren,choldrenpa@mtv.com,Female,56,false,Ukraine,Yampil’
912,Yelena,Itzchaky,yitzchakypb@webmd.com,Female,6,false,Afghanistan,La‘l
913,Patton,Le Strange,plestrangepc@google.ru,Male,76,false,France,Lacroix-Saint-Ouen
914,Krishnah,Falla,kfallapd@sciencedaily.com,Male,69,false,Colombia,Momil
915,Jabez,Blyde,jblydepe@cocolog-nifty.com,Male,70,false,Sweden,Hägersten
916,Crystal,Burdis,cburdispf@elpais.com,Female,88,true,Indonesia,Haunubenak
917,Guthrey,Antonutti,gantonuttipg@opensource.org,Genderfluid,72,false,Indonesia,Kondangrege
918,Fawn,Dartnell,fdartnellph@wikimedia.org,Female,63,true,Guatemala,San Agustín Acasaguastlán
919,Gawen,Vidgeon,gvidgeonpi@youku.com,Male,84,true,China,Guangpu
920,Chrysa,Gooding,cgoodingpj@usgs.gov,Female,10,true,Japan,Yūki
921,Falkner,Cotter,fcotterpk@smugmug.com,Male,72,false,China,Bajia
922,Wylma,Gorton,wgortonpl@cyberchimps.com,Female,58,false,China,Huangchi
923,Barbey,Bernardeschi,bbernardeschipm@icio.us,Female,74,false,Sweden,Göteborg
924,Joela,Thorius,jthoriuspn@youku.com,Female,34,false,Czech Republic,Malé Svatoňovice
925,Shelby,Winkworth,swinkworthpo@gizmodo.com,Genderqueer,71,true,China,Yujing
926,Lianna,Chastey,lchasteypp@google.fr,Female,77,true,Poland,Białobrzegi
927,Base,O'Corrane,bocorranepq@epa.gov,Polygender,23,false,Russia,Parfino
928,Scarface,Pleaden,spleadenpr@state.tx.us,Male,19,false,Italy,Roma
929,Gretna,Muspratt,gmusprattps@youku.com,Female,54,true,Indonesia,Cigembor
930,Andee,Slimon,aslimonpt@ucoz.com,Female,5,false,Bosnia and Herzegovina,Milići
931,Jayne,Allnatt,jallnattpu@exblog.jp,Female,85,true,Argentina,La Rioja
932,Travers,Batchellor,tbatchellorpv@mapy.cz,Male,63,true,Russia,Nizhnyaya Omka
933,Elwira,Forkan,eforkanpw@hubpages.com,Female,13,true,Armenia,Nizami
934,Gordy,Tulley,gtulleypx@addthis.com,Male,71,false,Mexico,20 de Noviembre
935,Margaretta,Lipman,mlipmanpy@blogger.com,Female,54,false,Serbia,Kikinda
936,Mohandas,Dike,mdikepz@google.com,Male,92,true,Indonesia,Ulimonong
937,Dillon,Strickler,dstricklerq0@google.ca,Male,72,true,Peru,Charat
938,Boigie,Tesimon,btesimonq1@example.com,Genderqueer,15,true,China,Donglu
939,Margarethe,Ccomini,mccominiq2@google.ru,Female,56,true,Indonesia,Cipaku
940,Ricki,Hobgen,rhobgenq3@phoca.cz,Female,77,false,Poland,Waśniów
941,Eleni,Horlock,ehorlockq4@buzzfeed.com,Female,37,true,Sweden,Hörby
942,Clarisse,Erbe,cerbeq5@ycombinator.com,Female,58,false,China,Yangdian
943,Oswald,Huntley,ohuntleyq6@deliciousdays.com,Male,82,false,Poland,Budzów
944,Adham,Sedgefield,asedgefieldq7@google.es,Male,10,false,Puerto Rico,San Juan
945,Renate,Munroe,rmunroeq8@themeforest.net,Bigender,54,true,China,Bahaodi
946,Bevan,Skittles,bskittlesq9@smugmug.com,Male,23,false,Canada,Greenwood
947,Sumner,Algy,salgyqa@exblog.jp,Male,63,false,Portugal,Castelo
948,Maddi,Levin,mlevinqb@globo.com,Genderfluid,81,true,China,Xarsingma
949,Northrop,Macconachy,nmacconachyqc@bigcartel.com,Male,77,false,Indonesia,Banjar Dauhmargi
950,Nanny,Spelwood,nspelwoodqd@altervista.org,Female,68,true,Sweden,Gävle
951,Mose,Comolli,mcomolliqe@ebay.com,Male,67,false,United States,Hartford
952,Vernor,Klasing,vklasingqf@ehow.com,Male,7,true,Mexico,Magisterial
953,Reynold,Bagnall,rbagnallqg@wikia.com,Male,6,true,Kyrgyzstan,Iradan
954,Kayley,Ochiltree,kochiltreeqh@pinterest.com,Female,70,false,New Zealand,Richmond
955,Harmonie,Swyne,hswyneqi@soundcloud.com,Female,24,true,Ukraine,Popil'nya
956,Vinnie,Cauthra,vcauthraqj@barnesandnoble.com,Male,51,true,Japan,Ryūō
957,Godiva,Wilkenson,gwilkensonqk@pinterest.com,Female,8,true,Philippines,Santa Maria
958,Luella,Bencher,lbencherql@taobao.com,Female,13,true,Peru,Huasahuasi
959,Raddy,Livings,rlivingsqm@google.fr,Genderqueer,92,true,Mexico,18 de Marzo
960,Bar,Barreau,bbarreauqn@gizmodo.com,Genderqueer,43,false,China,Gutian
961,Avigdor,Bouldon,abouldonqo@phpbb.com,Male,86,false,China,Damai
962,Prentice,Ferrai,pferraiqp@technorati.com,Male,32,false,Jordan,Aţ Ţafīlah
963,Hollis,Percy,hpercyqq@xinhuanet.com,Male,44,true,Greece,Palaióchora
964,Harriott,Van Der Straaten,hvanderstraatenqr@oaic.gov.au,Female,63,true,Indonesia,Banjar Tengah
965,Melly,Johnston,mjohnstonqs@blog.com,Female,48,true,Senegal,Kaffrine
966,Cissiee,Smart,csmartqt@macromedia.com,Female,25,false,Philippines,Santo Tomas
967,Sim,Cuseck,scuseckqu@walmart.com,Male,72,false,Spain,Ourense
968,Fanni,Gregersen,fgregersenqv@rambler.ru,Female,14,false,United States,Hartford
969,Conan,Poulson,cpoulsonqw@dmoz.org,Male,17,true,China,Chendian
970,Esdras,Banbrigge,ebanbriggeqx@stumbleupon.com,Male,9,true,Indonesia,Sukasari
971,Leese,Elcott,lelcottqy@zdnet.com,Female,64,false,Ethiopia,Dire Dawa
972,Inesita,McGraith,imcgraithqz@com.com,Genderfluid,9,false,Philippines,San Rafael
973,Karlens,Hellyar,khellyarr0@opera.com,Male,34,false,Pakistan,Kot Sultan
974,Rozanna,Bryning,rbryningr1@opera.com,Female,36,false,China,Zhangcheng
975,Ringo,Pearson,rpearsonr2@adobe.com,Male,47,true,Poland,Siedleczka
976,Antonietta,MacCallester,amaccallesterr3@sohu.com,Female,42,true,Panama,Jaqué
977,Danila,Paternoster,dpaternosterr4@cocolog-nifty.com,Female,17,true,Portugal,Raposeira
978,Emilio,Mottley,emottleyr5@archive.org,Male,29,false,Ireland,Youghal
979,Violante,Schneidau,vschneidaur6@uol.com.br,Female,54,true,Uganda,Kaliro
980,Lyndell,Colqueran,lcolqueranr7@businesswire.com,Female,93,false,China,Dongbatu
981,Johannes,Blackston,jblackstonr8@yale.edu,Non-binary,91,false,Russia,Rakitnoye
982,Ahmed,Caen,acaenr9@xing.com,Male,26,false,Philippines,Guiuan
983,Erich,McSperrin,emcsperrinra@thetimes.co.uk,Male,20,true,Philippines,Santo Domingo
984,Althea,McGinn,amcginnrb@sitemeter.com,Female,24,true,Sri Lanka,Batticaloa
985,Hans,Allett,hallettrc@about.com,Non-binary,95,false,Macedonia,Dobrošte
986,Hersch,Dogerty,hdogertyrd@bandcamp.com,Male,9,false,Norway,Oslo
987,Gavin,Luff,gluffre@ucla.edu,Male,84,true,China,Yungaisi
988,Tremayne,Yeulet,tyeuletrf@facebook.com,Male,54,true,Maldives,Meedhoo
989,Neel,Allbrook,nallbrookrg@hostgator.com,Male,83,false,Germany,Berlin
990,Margot,Teasey,mteaseyrh@npr.org,Female,42,false,Palestinian Territory,Rantīs
991,Ailyn,Berick,aberickri@technorati.com,Female,76,true,China,Jianjiang
992,Morry,Bockmann,mbockmannrj@columbia.edu,Polygender,40,false,Philippines,Lipahan
993,Lucia,Wimsett,lwimsettrk@naver.com,Female,33,true,China,Shimen
994,Delinda,Ballchin,dballchinrl@msn.com,Female,74,false,Russia,Korkino
995,Kris,Sexty,ksextyrm@loc.gov,Female,63,false,Yemen,Şanā’
996,Noelyn,Boorn,nboornrn@shinystat.com,Female,5,true,Sweden,Vimmerby
997,Cecil,Della Scala,cdellascalaro@amazon.co.jp,Female,35,false,Czech Republic,Zbraslavice
998,Lowe,Scogings,lscogingsrp@com.com,Male,26,true,Portugal,Gondomar
999,Ally,Kear,akearrq@blogs.com,Female,54,false,Sweden,Osby
1000,Bernadina,McNysche,bmcnyscherr@comsenz.com,Female,24,false,Thailand,Sila Lat
